ID,Total,Friday,Saturday,Sunday,Monday,Tuesday,Wednesday,Thursday,zero,one,two,three,four,five,six,seven,eight,nine,ten,eleven,twelve,thirteen,fourteen,fifteen,sixteen,seventeen,eighteen,nineteen,twenty,twentyone,twentytwo,twentythree
92617,3496,454,1020,1011,311,235,230,235,452,343,219,131,69,42,21,18,24,21,28,29,39,37,55,56,44,66,111,141,235,277,492,546
91419,10543,1613,2513,2297,945,976,1013,1186,1377,934,493,261,145,90,52,47,55,84,88,140,176,250,287,299,292,346,362,408,564,800,1337,1656
91717,2121,327,523,423,195,202,171,280,343,170,107,37,46,20,55,73,29,35,31,14,22,13,30,34,33,26,55,56,98,186,269,339
92618,1416,140,337,380,123,120,170,146,175,124,62,33,21,15,6,18,16,15,24,13,24,21,31,18,23,22,36,52,92,106,231,238
90624,11935,1642,2912,3523,1168,803,905,982,1349,1138,762,507,349,228,130,85,70,78,103,108,138,178,189,241,276,301,439,528,762,1011,1393,1572
92620,4231,480,982,1111,510,360,389,399,469,312,145,66,45,25,29,31,50,52,95,71,77,144,142,127,131,168,116,185,240,316,534,661
92319,3280,426,970,721,330,246,302,285,462,289,116,78,44,31,12,15,30,39,25,38,32,47,50,57,58,65,106,127,198,281,514,566
92709,1713,189,541,432,98,136,144,173,169,115,44,23,10,1,5,2,1,9,11,31,37,37,44,48,66,94,110,136,140,163,223,194
92512,1493,195,424,301,135,156,147,135,122,90,50,42,19,26,18,16,7,17,13,31,38,41,50,34,61,62,82,109,135,137,153,140
92820,770,105,164,180,95,77,68,81,84,55,47,20,8,3,9,4,3,8,8,13,12,19,39,24,20,15,17,22,58,64,103,115
92518,6173,766,1478,1587,654,521,608,559,447,370,176,109,62,47,119,255,340,399,310,174,94,76,97,123,122,129,223,472,539,480,519,491
92718,1155,108,315,390,115,74,70,83,150,116,53,35,24,21,6,4,9,9,23,14,16,19,19,16,23,18,26,51,65,78,142,218
92203,960,134,309,316,59,40,52,50,79,70,69,42,23,9,4,3,5,8,9,7,15,16,24,31,36,29,50,50,71,87,100,123
92824,1058,68,360,403,85,47,50,45,157,94,77,24,7,3,4,4,6,14,8,11,13,11,9,12,27,22,32,31,65,101,164,162
91120,7314,1076,1814,1694,706,602,695,727,756,583,378,204,120,91,71,66,70,82,110,113,146,183,205,199,193,250,277,299,439,599,866,1014
92716,3128,511,975,772,232,194,198,246,473,304,173,111,53,40,31,25,15,17,20,36,42,35,53,42,52,74,70,89,140,205,400,628
90228,6587,873,1847,1810,615,437,444,561,664,611,416,223,168,89,56,36,32,66,78,112,116,138,152,186,193,218,296,385,482,525,633,712
90924,8354,1256,2049,1963,852,701,718,815,909,685,452,311,227,150,66,66,69,110,131,169,213,240,228,271,296,258,325,354,457,593,838,936
91319,5109,753,1195,971,511,474,522,683,514,353,208,117,84,51,24,54,60,51,54,76,88,117,144,162,185,198,219,266,350,487,593,654
91618,10216,1505,2488,2317,811,832,1065,1198,1349,986,643,368,257,129,69,66,88,95,112,125,169,189,180,213,218,257,274,385,505,725,1241,1573
91627,6733,600,1906,2589,529,341,365,403,960,759,544,352,149,100,53,39,35,56,51,57,80,93,91,104,130,152,156,201,330,484,800,957
91525,2022,224,540,772,131,95,116,144,249,193,113,63,50,18,24,8,8,5,12,20,21,26,30,39,59,92,86,106,123,164,225,288
90329,2865,382,805,750,294,204,212,218,270,259,171,102,57,28,20,24,28,24,34,46,58,65,47,72,72,83,106,126,195,263,365,350
92712,3063,455,801,696,361,253,225,272,306,231,168,102,36,21,16,8,14,29,39,50,55,66,95,88,131,120,162,209,229,215,345,328
92023,16070,2131,4775,4663,1351,951,1054,1145,2227,1808,1100,616,361,188,113,106,99,102,102,156,185,191,245,258,298,320,472,707,909,1184,1930,2393
91329,593,53,164,223,56,20,37,40,99,71,39,44,14,13,6,5,3,1,1,2,2,0,3,5,5,6,14,12,27,45,70,106
91527,6795,627,1834,2690,549,353,362,380,866,815,535,290,200,120,64,37,33,61,40,70,80,104,110,101,125,163,174,263,333,460,753,998
91829,1560,226,389,378,138,129,138,162,197,138,81,37,20,17,9,10,14,13,9,22,26,23,19,30,32,35,66,59,102,125,245,231
91528,7526,562,2238,3329,515,301,267,314,930,841,604,335,188,101,57,26,28,41,57,66,97,102,129,160,158,220,243,358,428,585,812,960
90826,6711,887,1853,1840,635,466,472,558,557,490,336,210,141,70,38,51,46,76,73,127,121,194,208,212,248,316,312,424,537,555,648,721
91817,1641,286,392,343,140,143,149,188,163,142,77,40,27,23,17,8,19,25,32,26,27,22,23,30,32,40,50,78,122,184,216,218
90405,399,59,143,104,14,18,36,25,69,50,44,4,3,1,0,1,0,1,1,4,2,5,2,0,4,2,11,14,28,36,43,74
92815,650,110,163,164,60,48,45,60,97,51,40,25,9,5,6,10,1,2,4,6,8,5,12,6,11,12,20,23,26,55,103,113
92326,4212,405,1064,1303,526,313,292,309,462,395,270,181,108,62,33,24,36,38,50,42,50,60,59,84,86,78,147,189,245,378,550,585
91821,7752,1092,2251,2084,565,506,534,720,1088,766,523,284,177,77,63,31,40,33,52,59,80,92,110,149,149,188,252,305,427,615,996,1196
92217,1803,314,542,392,164,129,135,127,198,160,96,59,32,12,11,7,12,11,11,25,24,28,36,39,50,53,59,92,119,170,223,276
90927,1605,220,409,474,129,109,141,123,120,103,66,45,37,21,20,14,9,11,22,16,21,30,47,51,51,64,87,101,137,156,188,188
92124,11622,1323,3320,3527,1227,726,699,800,1477,1163,745,490,269,144,92,52,67,79,83,93,102,169,178,209,226,277,333,482,723,1009,1499,1661
91321,7686,1253,1990,1659,665,603,729,787,1036,693,372,187,106,56,36,42,33,67,81,98,94,125,146,207,212,216,198,229,373,621,1100,1358
90724,19943,2698,5120,5495,1877,1471,1475,1807,2034,1654,1131,672,460,336,214,130,127,130,172,194,268,330,345,440,533,619,771,1120,1393,1950,2379,2541
91728,2317,306,584,665,220,186,161,195,244,207,117,71,62,31,20,19,24,24,29,31,42,62,59,43,68,73,76,108,124,168,298,317
91624,5100,679,1283,1477,482,366,354,459,682,509,288,177,134,80,39,36,35,48,41,56,69,74,95,77,76,106,181,230,319,387,579,782
90426,15025,2042,3782,3969,1506,1149,1250,1327,1525,1266,858,623,427,289,158,111,124,120,147,183,227,295,300,332,385,490,624,777,1003,1260,1745,1756
91727,1335,128,383,502,102,68,58,94,221,146,79,60,26,20,11,9,5,11,11,9,3,15,18,19,20,24,25,48,67,96,198,194
92301,1989,212,566,783,167,80,79,102,252,184,124,64,38,18,15,8,6,12,16,19,14,30,39,40,63,64,68,96,138,169,232,280
91828,1032,125,273,279,98,85,80,92,92,94,68,33,28,19,16,6,13,10,18,23,18,22,22,27,19,28,40,43,59,71,142,121
93111,894,116,269,169,90,74,97,79,71,40,38,19,10,11,7,5,6,5,7,18,25,15,32,30,47,44,45,67,59,94,100,99
91719,16752,2667,4608,3504,1301,1399,1468,1805,2380,1614,869,431,281,179,66,46,56,106,147,168,223,269,347,383,412,492,561,560,845,1287,2164,2866
90921,16126,2220,4434,4237,1475,1172,1221,1367,1997,1467,972,560,326,188,117,63,78,108,138,181,201,254,264,336,371,476,606,807,1076,1423,1969,2148
92619,1577,207,339,397,212,121,152,149,221,159,78,64,22,9,19,16,16,25,27,23,26,24,22,26,29,32,53,63,86,97,179,261
90922,16573,2529,4329,3609,1484,1417,1539,1666,1842,1368,897,504,315,152,103,96,129,134,184,238,262,285,357,368,441,486,621,797,1083,1496,2146,2269
90825,8439,1182,2309,2259,760,566,635,728,941,766,557,385,227,153,79,62,53,64,77,90,108,125,152,186,206,225,298,381,537,676,1011,1080
90120,874,113,196,226,81,68,78,112,109,68,30,21,21,13,11,20,11,12,22,18,24,13,29,25,33,28,19,27,49,72,87,112
92118,1626,244,526,337,131,116,138,134,158,100,47,33,15,6,24,12,13,15,21,25,36,36,46,47,55,54,64,73,114,160,218,254
90928,3346,382,867,1050,312,235,256,244,388,326,189,115,66,28,28,11,21,26,26,32,54,62,57,66,74,100,125,158,235,303,420,436
90622,10763,1553,3080,2923,906,674,736,891,1175,986,594,397,294,149,54,55,55,86,93,122,163,165,177,230,220,318,389,524,690,952,1399,1476
92221,15730,1963,4504,4251,1369,1263,1120,1260,2127,1461,920,533,218,97,64,62,51,83,117,125,168,203,231,253,305,332,425,601,906,1420,2343,2685
91501,832,87,234,275,89,39,53,55,116,87,44,8,10,6,8,12,20,23,9,12,14,7,12,10,18,24,25,33,38,61,111,124
90325,7432,975,1999,2175,666,481,528,608,868,698,498,326,174,105,71,44,47,67,47,70,99,133,164,176,198,206,262,344,429,614,820,972
92320,2236,303,686,503,210,165,185,184,237,147,74,43,20,18,20,17,20,27,20,32,44,43,31,42,74,57,78,139,164,221,337,331
92219,6315,1035,2044,1492,446,349,419,530,750,416,246,142,64,38,36,35,41,56,48,56,90,85,130,124,119,168,179,288,392,559,1012,1241
90923,2021,291,518,539,183,140,153,197,195,154,127,95,55,32,18,7,19,19,28,40,28,38,41,42,40,61,76,114,139,165,247,241
92127,3898,440,1059,1190,406,264,243,296,332,238,139,84,62,33,21,19,17,19,26,46,55,76,101,104,108,184,205,256,359,425,505,484
91123,4862,772,1267,1084,411,406,437,485,479,412,214,127,88,43,32,20,29,53,84,133,122,121,121,149,174,177,203,213,311,393,575,589
91121,10130,1521,2821,2391,933,743,769,952,1319,928,513,317,155,108,62,64,69,75,96,101,163,182,179,165,231,270,322,443,621,881,1356,1510
90727,5745,737,1387,1513,565,488,523,532,520,445,308,218,133,85,59,35,70,64,80,68,89,114,141,119,166,177,219,349,425,524,691,646
92722,2520,287,669,866,247,143,158,150,318,227,156,121,117,25,17,9,16,16,16,23,32,45,49,48,45,68,79,74,129,214,325,351
92612,2302,296,594,531,272,205,196,208,260,186,134,75,36,21,11,12,20,16,12,18,38,54,58,54,58,76,80,93,145,208,309,328
92026,1907,227,663,546,132,110,112,117,240,143,80,55,24,15,6,18,16,17,22,24,36,32,35,41,54,49,69,74,130,172,253,302
92621,8766,1036,2245,2291,1071,691,697,735,1091,906,608,372,174,74,54,52,81,87,107,115,141,141,163,169,160,229,309,365,526,708,963,1171
92323,10832,1279,2631,2674,1226,931,974,1117,1134,908,587,425,263,161,146,159,161,162,126,149,189,166,197,206,247,292,373,515,648,943,1237,1438
92325,4779,804,1189,908,440,435,512,491,415,346,216,168,96,75,48,39,28,52,55,91,91,121,129,132,147,175,213,255,317,427,545,598
91607,497,56,157,163,32,26,17,46,38,30,10,0,5,0,2,4,11,32,26,9,2,6,4,5,4,9,10,29,36,65,78,82
92220,7409,1019,2065,2086,622,490,573,554,863,632,314,177,81,30,34,47,46,54,57,98,112,115,138,175,192,226,233,370,521,698,1029,1167
92321,12391,1472,3446,3140,1405,896,959,1073,1557,1104,677,362,234,97,60,77,74,93,121,162,199,210,208,248,273,327,401,524,743,1069,1673,1898
92024,14790,2030,4106,4637,1304,866,896,951,2001,1594,961,532,329,185,93,61,73,100,114,173,197,224,270,310,355,362,476,640,881,1135,1657,2067
90424,12009,1625,3151,3352,1111,864,886,1020,1509,1129,649,382,248,153,82,48,39,59,80,144,174,186,219,259,290,359,444,548,840,1061,1447,1660
91518,3683,477,1029,838,316,257,373,393,459,347,218,128,80,68,31,17,34,35,39,36,64,48,92,85,81,98,150,163,176,282,419,533
91024,4577,650,1159,1140,447,376,353,452,497,381,269,180,109,82,42,31,20,50,65,77,90,105,108,112,133,161,163,212,314,348,478,550
91523,3664,443,879,1265,289,201,225,362,543,471,296,158,83,50,31,47,38,20,33,29,31,35,26,43,57,60,88,119,161,224,477,544
90827,7999,1020,2042,2456,734,583,549,615,881,762,586,396,231,149,60,48,51,53,65,57,93,126,143,155,207,242,310,353,490,680,880,981
92331,2301,202,718,909,218,77,73,104,296,218,160,81,42,20,12,11,7,4,16,11,24,28,27,52,33,56,70,94,149,224,317,349
90623,20480,2727,5414,5830,1991,1317,1515,1686,2427,1918,1241,716,471,275,120,103,72,114,192,271,316,352,407,529,463,636,792,935,1240,1682,2338,2870
91921,16745,2354,4727,4488,1378,1180,1223,1395,2278,1625,921,509,354,187,98,65,79,72,103,156,210,228,277,322,385,469,531,723,955,1325,2255,2618
91931,1532,207,428,461,137,86,100,113,181,150,84,39,37,22,13,8,14,11,12,11,14,20,27,31,33,41,40,46,84,118,205,291
90526,7862,1076,2101,2015,711,649,647,663,1035,768,498,355,202,141,81,69,55,69,73,96,108,116,134,157,172,207,293,327,427,531,825,1123
90823,9415,1340,2226,2474,1011,752,778,834,1078,876,554,335,194,123,75,50,53,61,70,95,121,124,124,171,299,277,381,407,600,884,1148,1315
90627,1842,265,460,530,145,124,153,165,181,137,95,47,33,29,12,11,24,35,20,38,39,41,36,52,65,91,100,142,115,127,184,188
90725,5014,673,1072,1250,613,474,469,463,649,439,316,200,167,80,30,21,50,31,37,64,56,72,82,74,82,136,166,214,288,363,632,765
91122,16325,2452,4310,3784,1581,1211,1361,1626,1853,1571,1120,605,275,192,110,94,112,143,172,257,302,406,431,377,408,507,635,689,894,1179,1874,2119
92427,867,94,231,335,97,33,40,37,105,79,71,39,41,28,17,6,2,5,12,3,9,11,17,18,16,21,28,28,44,64,84,119
92522,5557,633,1415,1659,624,338,398,490,540,444,288,210,130,69,43,33,34,46,75,75,96,117,131,87,131,170,229,319,425,513,660,692
91526,5972,803,1539,1669,541,436,467,517,732,632,424,256,137,90,49,40,34,57,62,70,117,122,171,141,133,134,179,208,303,379,643,859
91323,2918,410,844,836,243,168,184,233,348,282,142,80,33,28,14,14,14,13,25,23,52,47,47,54,79,80,125,156,203,265,356,438
91320,1300,176,393,398,68,69,84,112,98,68,39,16,11,10,6,10,12,16,24,33,51,108,96,71,65,50,64,70,70,69,131,112
92904,1637,195,478,462,168,89,118,127,176,149,78,52,28,12,7,10,6,11,14,19,17,22,15,21,29,42,49,70,117,179,222,292
91721,3856,535,1161,926,319,327,260,328,525,376,222,109,70,45,18,18,17,30,32,35,49,58,59,63,63,85,96,141,184,327,587,647
90726,6441,814,1683,1821,631,434,525,533,707,544,437,251,193,98,58,45,36,44,41,62,77,90,113,133,148,189,247,358,443,566,725,836
92724,1617,120,499,612,174,58,72,82,228,168,115,54,24,8,3,9,9,5,11,10,18,16,20,15,33,40,63,80,102,147,210,229
91930,1566,267,344,327,164,145,158,161,202,172,89,52,29,15,15,23,16,12,16,13,27,27,24,23,30,30,49,78,72,104,191,257
90428,4910,641,1334,1249,437,401,415,433,442,437,251,148,107,70,39,27,25,38,71,78,102,127,152,150,152,184,200,305,293,399,526,587
90626,11119,1613,2900,2777,1053,869,913,994,1296,1033,701,441,292,192,121,97,85,111,118,137,169,187,218,214,253,336,385,481,635,900,1192,1525
90523,32270,4492,8633,9411,2853,1976,2258,2647,4027,2945,1743,1072,698,409,177,171,175,201,232,283,336,523,636,640,837,1004,1294,1495,1986,2565,4070,4751
92521,13850,1899,3443,3450,1552,1145,1199,1162,1405,1056,650,425,240,117,121,100,142,156,201,290,284,306,341,343,393,501,541,671,972,1186,1670,1739
91427,3258,248,953,1393,256,134,134,140,462,416,347,184,110,56,31,7,12,12,12,23,26,29,38,47,49,81,66,83,141,227,351,448
92920,1465,158,321,347,194,119,143,183,176,110,70,55,17,19,29,18,27,11,20,16,38,24,25,22,28,29,49,59,54,127,205,237
92608,1467,180,430,406,136,122,92,101,167,140,102,65,16,10,11,9,8,21,11,26,31,26,32,29,46,57,60,68,90,110,154,178
92721,1839,229,450,380,207,180,209,184,194,127,69,50,31,15,19,13,21,30,37,50,60,58,43,56,54,78,73,82,102,128,203,246
92025,5880,796,1760,1648,495,352,398,431,764,556,291,177,87,66,47,44,27,45,50,55,71,71,127,129,209,224,267,255,316,383,761,858
92119,5795,803,1265,799,541,912,872,603,412,256,163,93,65,29,41,26,70,164,200,273,285,337,361,358,259,265,349,302,277,322,393,495
92419,2042,271,609,438,182,164,187,191,232,152,94,60,32,20,20,20,19,15,26,28,22,36,34,52,59,63,73,89,132,183,277,304
91626,3581,418,848,1134,381,259,275,266,489,430,250,179,119,75,31,22,25,42,43,44,60,63,76,68,76,78,81,138,155,204,364,469
92022,10945,1503,3028,2726,1003,830,830,1025,1288,1068,643,431,241,131,79,54,52,66,156,239,339,387,426,365,329,378,345,364,447,739,1063,1315
90625,11918,1566,2860,3556,1186,810,966,974,1416,1128,779,574,377,245,138,61,77,75,107,128,161,139,167,201,221,295,387,515,743,996,1368,1620
92624,2907,319,784,971,304,180,178,171,337,268,222,133,54,17,15,11,17,24,27,30,33,28,61,78,61,79,82,118,175,280,365,392
90119,1591,199,420,426,143,116,154,133,210,150,89,54,28,15,12,8,15,8,13,18,16,23,40,74,36,37,48,75,83,122,171,246
90527,2504,366,690,637,219,196,189,207,263,220,124,96,58,46,20,14,17,15,22,35,48,50,72,52,68,64,82,120,170,205,278,365
90925,7943,1203,1937,2134,692,611,640,726,860,690,480,307,194,127,77,59,57,69,120,151,154,180,184,203,200,262,313,351,489,634,865,917
91904,2080,194,577,819,201,81,105,103,260,205,161,103,51,25,21,8,15,10,19,21,34,19,35,32,55,73,57,88,128,141,243,276
92616,2233,306,583,561,203,184,178,218,230,213,118,76,40,24,13,15,13,25,28,30,30,42,47,39,45,67,101,91,151,188,272,335
91819,29815,4608,8328,6371,2338,2179,2786,3205,4798,3645,2087,1045,587,348,170,130,141,195,242,251,303,401,502,508,565,650,834,957,1269,2010,3371,4806
92919,1654,205,440,402,196,145,132,134,220,175,90,58,15,9,7,6,31,28,30,27,37,34,28,44,32,44,65,48,80,121,187,238
90722,20174,2840,5602,5618,1741,1336,1387,1650,2520,1977,1232,740,486,273,122,86,92,94,121,164,227,315,344,436,462,632,726,896,1200,1724,2367,2938
92726,574,57,181,162,58,40,31,45,60,52,26,23,17,2,4,4,1,7,6,5,4,11,20,10,18,23,20,38,36,64,54,69
93120,611,73,149,154,63,51,70,51,70,48,28,17,16,5,3,2,9,7,9,7,4,13,12,15,14,11,21,14,25,48,77,136
91925,2409,306,782,650,153,123,189,206,316,242,148,89,35,16,16,11,10,26,21,23,34,43,47,61,45,69,94,101,136,185,297,344
90425,10109,1260,2434,3219,937,674,768,817,1269,901,547,355,299,177,92,63,48,52,68,89,122,140,140,158,194,262,334,441,620,899,1360,1479
90723,8980,1249,2342,2660,834,594,621,680,996,810,551,368,236,145,91,43,54,67,89,84,110,122,156,172,192,247,322,432,572,819,1073,1229
91818,13889,2185,3360,3061,974,1129,1440,1740,1910,1477,819,439,279,185,114,109,113,101,134,217,273,400,428,383,391,372,372,439,600,892,1403,2039
93130,350,54,93,102,25,20,26,30,35,20,17,7,8,2,4,2,4,4,5,7,8,5,7,9,13,15,22,17,32,35,24,48
90829,2579,373,817,843,182,127,117,120,264,208,142,71,43,21,14,12,16,13,17,37,46,43,46,76,65,86,141,165,190,243,289,331
91924,2491,301,837,766,174,141,134,138,283,281,162,99,56,22,16,6,6,6,17,22,29,46,44,55,61,77,83,114,143,172,321,370
92822,1240,104,380,353,115,80,92,116,144,111,55,35,16,5,3,11,6,8,5,9,15,7,28,28,31,27,34,45,83,125,195,214
90423,7624,983,1745,2272,837,590,591,606,955,667,440,251,114,89,36,40,41,46,70,80,106,108,149,148,183,211,257,328,485,760,1010,1050
92823,2777,243,898,951,243,126,160,156,465,417,264,153,45,4,4,2,9,13,21,17,31,24,19,29,29,42,71,87,147,172,284,428
93019,2192,380,593,482,190,160,177,210,280,206,112,71,46,33,17,21,75,60,44,28,29,25,40,36,43,40,44,83,100,149,247,363
90326,4180,549,1032,1134,408,345,351,361,497,367,299,163,87,51,44,25,27,31,37,63,70,71,85,65,98,102,123,174,224,362,510,605
92421,15717,2109,3920,3612,1827,1328,1406,1515,1580,986,601,327,212,125,83,109,119,133,212,208,291,262,339,363,409,551,716,999,1283,1600,2126,2083
91219,1536,213,392,337,153,128,144,169,160,96,63,32,13,13,7,8,12,18,40,51,49,46,46,34,37,49,47,64,90,132,211,218
91524,3578,426,921,1067,318,265,258,323,577,443,241,139,46,26,19,17,19,20,30,44,61,70,57,49,65,87,98,116,162,229,404,559
90628,3635,479,1104,993,293,219,270,277,394,277,162,106,62,37,16,13,18,44,57,56,77,84,79,82,99,105,120,174,219,306,479,569
91718,13222,2131,3145,2697,1246,1236,1207,1560,1771,1177,641,355,230,119,63,63,86,125,156,142,143,235,230,283,281,370,440,585,766,1035,1770,2156
92422,5937,601,1549,1643,683,436,531,494,537,435,258,173,107,52,38,26,29,73,100,91,105,140,167,163,184,266,236,336,460,517,703,741
92120,6922,952,1958,1674,611,471,546,710,778,494,305,167,96,47,31,41,39,43,73,79,93,120,150,181,184,172,282,350,544,631,921,1101
90728,3518,483,948,920,319,309,256,283,331,272,177,117,68,57,25,17,34,34,42,62,55,82,95,91,114,137,134,200,188,277,468,441
91418,2968,387,755,881,257,189,219,280,439,343,172,106,73,49,38,24,35,32,25,31,27,47,44,51,58,45,72,99,138,255,287,478
91426,1201,98,406,462,67,61,44,63,165,135,89,68,33,23,12,7,9,6,8,8,10,8,12,16,17,17,36,42,60,107,161,152
92122,10322,1322,2850,2754,1038,689,838,831,1149,928,626,380,210,112,73,50,65,60,82,113,113,156,148,221,231,291,353,525,672,983,1317,1464
91220,6072,1017,1702,1250,483,473,513,634,702,453,248,131,79,57,44,39,47,73,79,113,124,150,167,175,172,183,227,328,379,519,681,902
91625,3928,418,1085,1245,362,271,248,299,572,442,303,167,84,48,31,25,29,20,25,45,49,44,66,62,68,97,111,145,185,245,422,643
91903,3040,298,880,1104,298,135,139,186,368,303,215,91,49,26,8,6,15,10,12,20,24,34,51,54,60,77,126,152,222,305,386,426
92225,2108,253,567,619,204,161,155,149,269,240,190,101,47,38,20,8,12,23,20,31,27,33,38,36,35,53,69,83,100,136,224,275
92222,11010,1449,3107,3164,996,708,717,869,1656,1415,735,347,185,101,35,56,52,73,115,103,113,156,157,194,189,265,302,393,591,811,1253,1713
92819,1630,206,399,398,147,125,185,170,178,136,85,48,32,24,18,17,12,18,18,28,23,33,40,28,45,39,61,50,89,125,235,248
91423,5316,769,1450,1474,495,327,344,457,736,597,385,224,95,65,41,26,30,33,42,51,66,76,85,77,117,91,149,177,238,371,652,892
90524,6685,814,1784,2165,632,380,435,475,702,648,437,253,158,98,64,53,25,40,40,55,49,72,110,133,161,210,268,319,484,652,804,850
92327,4331,600,1087,1348,422,313,252,309,505,412,306,210,120,34,29,31,21,23,33,40,57,94,83,95,110,117,143,183,260,347,548,530
91922,9659,1201,2931,2893,739,564,554,777,1582,1197,654,381,218,145,58,51,55,61,92,103,105,115,129,148,180,202,265,385,496,620,988,1429
92227,5929,628,1665,2100,503,369,325,339,587,500,349,221,103,63,41,32,21,46,46,70,80,83,88,146,162,196,263,294,407,546,795,790
90528,7713,1141,1949,2276,730,485,554,578,712,514,324,230,156,117,138,139,158,139,133,150,160,172,207,208,202,276,315,409,515,679,745,915
90828,4438,501,1239,1381,421,287,278,331,479,399,241,141,95,71,33,21,27,35,23,48,70,67,69,89,108,151,163,240,308,406,540,614
90821,6623,845,1789,1787,597,523,508,574,801,666,402,265,148,72,49,24,33,38,55,57,72,94,109,133,168,194,256,350,418,564,829,826
90822,30215,4219,8234,7573,2987,2290,2385,2527,3650,2673,1650,1142,676,443,220,182,175,186,301,354,438,535,592,620,782,887,1169,1506,1901,2556,3502,4075
92002,2271,243,643,732,240,141,137,135,270,217,156,110,56,37,13,13,22,29,18,24,42,40,41,53,42,70,69,107,138,195,264,245
92517,5223,548,1651,1767,386,229,274,368,611,491,260,186,102,44,28,49,32,47,59,64,56,91,101,120,181,165,205,283,336,402,615,695
92226,4859,524,1462,1662,434,255,234,288,491,383,269,157,90,74,25,36,19,18,29,40,75,53,95,142,154,153,219,249,351,495,612,630
91222,7972,1261,2207,1669,714,654,714,753,1005,715,391,236,157,98,45,59,55,68,79,109,156,152,131,193,203,226,273,310,481,639,1028,1163
92129,5641,567,1865,1898,504,251,287,269,577,478,248,122,80,43,21,17,18,24,30,45,78,111,122,126,183,201,300,295,409,522,795,796
91827,713,105,203,188,48,56,46,67,68,54,42,30,17,15,5,4,5,4,8,11,11,14,12,18,11,22,19,34,43,39,116,111
91820,3437,525,1002,728,273,253,301,355,477,334,261,148,90,50,29,25,19,23,19,28,29,44,52,59,80,66,107,143,188,262,409,495
90525,23487,3166,5860,6412,2406,1704,1925,2014,2595,2104,1552,929,644,405,267,178,133,177,189,235,278,341,361,418,482,649,913,1194,1560,2104,2789,2990
91403,735,102,204,190,47,47,62,83,140,96,47,19,13,3,9,3,4,6,6,6,3,15,8,5,8,11,17,17,22,45,99,133
92123,8743,1063,2344,2451,954,666,614,651,1146,839,469,278,147,101,59,60,73,61,82,95,129,125,163,194,223,260,318,430,584,743,1024,1140
93131,2112,327,719,547,161,108,117,133,213,150,73,45,28,13,7,7,13,17,20,37,25,30,21,40,51,62,80,106,170,227,354,323
91530,1239,141,239,344,138,141,118,118,151,110,66,44,36,17,13,42,41,38,52,30,25,25,18,18,28,20,23,36,53,88,112,153
91722,193,30,50,50,18,16,8,21,32,18,13,3,1,1,2,2,3,2,1,6,6,3,7,2,5,3,5,3,13,13,13,36
90824,12449,1687,3116,3459,1220,973,922,1072,1400,1115,670,452,290,176,105,80,88,93,134,164,165,203,241,264,307,408,445,583,768,1101,1587,1610
92818,1662,228,475,399,143,132,126,159,193,142,90,40,16,11,9,7,13,13,25,25,22,39,27,32,31,35,51,66,134,166,233,242
92918,1568,203,421,381,163,118,133,149,203,141,86,40,29,19,14,16,9,33,29,29,23,34,36,36,23,39,44,54,80,105,212,234
92424,5294,564,1317,1522,625,415,399,452,541,508,359,240,172,92,46,41,41,59,60,67,90,89,105,113,144,185,200,218,326,390,632,576
92304,934,82,259,390,78,45,37,43,100,100,101,50,31,24,6,5,6,5,3,8,4,11,6,12,17,16,28,35,60,78,112,116
92131,6697,759,2220,2285,593,239,273,328,635,457,284,172,71,46,24,17,20,31,46,58,80,105,196,175,264,291,356,412,531,709,855,862
91928,299,40,80,86,23,23,17,30,30,37,20,11,7,4,0,3,2,1,5,2,3,3,11,7,5,8,16,16,12,22,34,40
90931,1862,234,555,514,142,124,133,160,231,166,120,50,35,18,13,18,14,23,9,14,17,25,36,26,46,40,62,81,105,199,231,283
91705,277,27,82,84,24,16,21,23,38,28,17,14,2,3,3,0,1,6,0,0,1,4,4,5,5,5,8,7,8,22,40,56
91022,14097,2174,3993,3080,1244,1100,1165,1341,1515,1119,683,324,247,117,91,82,97,137,188,199,193,229,264,362,357,427,554,811,1061,1355,1707,1978
91831,839,79,202,230,100,69,95,64,88,75,60,41,18,5,6,1,7,4,2,10,13,13,20,32,29,26,23,58,46,58,96,108
92821,1554,228,318,371,147,159,148,183,170,114,65,28,25,14,13,6,9,19,20,31,29,49,44,48,48,39,40,62,74,137,227,243
92231,5772,482,1676,2364,554,212,220,264,670,637,315,174,95,38,23,18,21,28,35,38,78,64,94,121,139,164,216,286,411,551,755,801
92030,3326,404,925,1043,310,183,216,245,456,404,247,129,77,27,15,16,19,22,33,32,44,47,62,59,59,73,98,118,160,202,388,539
92322,8615,1034,2139,2320,1035,647,681,759,1015,670,456,241,160,86,72,66,76,84,85,93,120,115,129,147,175,251,294,442,590,867,1196,1185
91519,6082,951,922,789,790,746,1024,860,274,234,154,80,48,22,31,23,40,66,146,238,380,408,414,411,307,386,348,510,433,334,391,404
90328,4525,566,1213,1195,498,360,321,372,525,439,353,244,139,83,58,28,38,48,49,56,68,79,88,109,103,133,166,154,251,301,455,558
92717,1328,168,269,324,150,138,147,132,129,79,49,26,21,13,10,6,36,40,44,17,14,20,21,36,22,37,53,70,183,153,114,135
90327,6450,942,1699,1663,624,464,507,551,674,516,360,229,158,90,63,51,41,46,83,92,98,93,129,134,173,213,260,327,422,569,801,828
91424,7694,1042,1991,1997,759,570,621,714,1318,1044,590,283,132,76,52,32,38,40,64,76,74,72,93,95,94,116,143,219,322,480,938,1303
91619,8836,1366,2527,1788,674,729,712,1040,1093,800,411,251,186,98,58,49,38,64,100,136,172,169,172,189,206,198,272,351,483,670,1179,1491
92520,3469,368,974,980,340,276,272,259,324,313,187,103,64,24,27,24,33,41,55,61,62,73,62,69,79,118,141,186,234,298,403,488
92526,781,93,186,240,84,61,65,52,87,78,54,29,14,5,3,4,5,6,7,11,12,10,14,16,15,21,36,33,55,90,76,100
90429,2990,411,876,875,247,158,190,233,348,277,177,101,57,17,14,17,17,18,18,27,33,38,46,54,65,87,104,154,210,310,382,419
90929,1791,227,513,522,167,111,129,122,208,158,133,57,34,39,20,18,17,23,29,32,36,42,31,51,34,63,67,85,84,147,185,198
90324,2289,290,667,689,189,139,161,154,287,197,116,70,56,55,28,26,22,13,22,18,28,33,43,48,42,78,75,100,159,201,259,313
92525,1965,200,599,609,197,117,117,126,209,159,149,100,35,12,17,17,12,11,19,16,21,19,24,29,49,63,98,116,139,140,216,295
91021,11332,1714,2966,2564,1091,909,1004,1084,1419,921,508,282,129,55,53,55,42,80,95,130,122,147,199,207,257,309,399,521,807,1142,1681,1772
92230,5652,656,1773,1991,451,215,241,325,607,441,270,129,54,37,23,21,26,30,38,67,56,97,88,111,190,196,251,318,477,597,729,799
92905,1434,184,438,317,136,103,119,137,158,120,63,54,18,6,7,5,5,9,17,27,25,22,21,25,37,38,45,86,86,132,186,242
92019,2771,405,820,688,224,188,207,239,242,170,84,65,28,21,24,31,41,34,50,49,59,55,79,69,89,108,123,181,214,255,335,365
92812,2619,375,704,608,263,198,216,255,294,201,129,81,47,31,13,20,20,23,38,35,39,61,49,73,62,89,118,115,141,238,323,379
92102,2543,271,699,782,293,167,157,174,268,214,130,114,70,38,18,11,11,14,21,30,30,39,51,60,69,86,127,189,185,224,266,278
91918,3819,648,894,763,328,366,394,426,485,378,200,139,73,40,23,18,67,137,96,95,106,121,136,118,134,76,86,111,172,205,316,487
92423,4815,565,1207,1388,612,359,309,375,413,355,239,167,101,69,32,39,48,64,80,81,92,110,119,136,165,182,252,274,349,426,481,541
91731,1343,212,319,272,146,106,128,160,134,131,107,40,22,19,22,18,14,17,16,19,19,16,24,20,24,30,37,43,61,103,171,236
92426,4147,625,1068,937,436,311,372,398,420,339,264,165,107,60,42,33,34,44,41,46,46,53,50,83,105,143,187,247,317,371,462,488
92001,2243,305,618,591,242,167,146,174,271,206,133,73,44,17,10,18,17,20,44,44,43,36,45,40,46,55,65,97,142,142,297,338
90427,5807,952,1512,1356,503,462,465,557,610,496,341,198,131,77,51,76,35,40,44,65,70,84,90,124,168,162,209,261,400,540,714,821
91822,4018,482,1235,1120,294,253,317,317,565,447,255,140,61,51,24,22,17,23,31,33,37,57,49,72,74,90,113,135,235,271,540,676
90229,2561,294,679,828,270,176,163,151,265,228,174,123,51,26,21,14,10,23,21,19,32,46,45,50,73,80,89,137,177,207,324,326
92710,472,51,158,149,30,14,32,38,48,42,25,12,4,3,1,3,1,12,6,7,7,11,12,18,23,13,20,11,28,31,64,70
91701,1607,234,343,379,180,155,143,173,186,132,52,34,21,18,2,13,15,37,66,58,49,35,37,32,51,70,57,52,72,120,179,219
92223,6809,867,1855,1836,647,497,527,580,734,583,428,240,100,63,28,22,39,47,128,77,106,97,107,116,151,184,236,376,437,609,904,997
92021,1519,146,377,454,162,134,120,126,186,153,92,48,20,9,19,10,8,17,13,12,20,23,35,31,29,41,68,83,83,116,188,215
91421,3281,530,881,655,246,260,304,405,384,317,163,77,47,36,29,29,31,65,78,65,61,53,42,36,54,60,81,94,144,273,464,598
91901,1739,207,430,562,150,118,120,152,202,184,120,63,35,14,9,6,9,21,13,24,24,32,34,23,28,44,53,54,88,140,226,293
92524,1610,132,463,598,186,86,76,69,190,160,133,90,53,18,10,8,9,7,9,9,18,14,26,23,25,27,34,51,84,132,230,250
92816,1821,321,503,432,151,119,146,149,200,156,98,50,22,21,21,11,17,25,29,27,25,33,25,54,46,41,55,74,93,132,247,319
91322,2409,405,778,527,158,158,164,219,295,212,103,65,38,34,17,11,26,22,27,35,23,35,30,52,42,65,80,104,141,235,338,379
92723,2154,164,667,819,206,93,95,110,276,259,201,116,28,16,5,7,9,9,13,11,20,20,19,35,32,50,58,85,114,177,268,326
90330,806,116,211,243,77,59,42,58,83,62,43,38,26,10,5,3,8,14,15,15,13,18,14,17,15,27,36,30,50,66,90,108
91608,284,45,93,79,17,12,15,23,33,25,6,3,1,0,2,2,2,3,2,0,3,6,4,2,5,9,5,10,26,32,64,39
91023,3130,450,813,688,331,272,257,319,329,298,216,143,97,51,23,23,23,26,39,38,35,47,46,65,78,91,157,168,225,248,297,367
90129,2841,326,825,777,298,218,198,199,293,250,167,99,55,19,26,40,17,27,47,47,60,67,72,76,81,104,113,128,156,234,314,349
92606,999,119,321,275,78,60,67,79,113,101,75,26,12,7,5,3,8,4,7,10,22,10,17,20,26,26,38,42,60,83,132,152
91522,2850,469,662,553,276,252,249,389,329,276,172,88,59,27,11,19,14,28,24,37,50,52,40,43,47,76,119,136,164,209,379,451
92130,5198,532,1541,1845,464,230,269,317,621,439,270,148,69,33,22,22,36,32,51,50,94,81,124,112,129,166,199,234,361,471,688,746
91725,1031,98,324,381,71,44,67,46,139,124,78,46,26,18,15,10,3,7,8,5,8,4,8,11,10,24,29,30,44,70,146,168
91724,534,55,177,163,41,30,40,28,63,49,22,16,14,6,5,2,2,2,5,5,3,9,15,11,13,17,9,31,30,41,75,89
92106,597,39,171,258,59,17,19,34,77,51,50,47,23,7,1,0,3,5,6,6,8,10,16,11,18,13,17,16,37,43,63,69
91919,6655,965,1802,1415,589,518,625,741,766,595,365,195,95,60,40,36,99,157,141,110,85,138,158,189,169,198,228,306,449,508,684,884
92817,669,66,205,181,60,54,37,66,108,56,28,12,11,9,3,6,7,5,4,6,6,12,19,19,18,15,15,26,57,50,87,90
91505,124,26,34,33,8,8,9,6,9,11,7,2,1,0,0,0,0,1,1,1,0,2,3,0,5,9,4,11,11,7,24,15
90118,2672,406,743,548,257,230,230,258,286,212,132,82,48,25,11,16,19,21,48,62,93,98,95,98,88,77,98,105,149,205,295,309
92921,1697,202,322,415,200,166,197,195,186,122,84,38,29,16,8,15,12,18,34,25,36,31,35,39,32,40,58,76,75,146,266,276
91906,975,74,269,394,87,36,54,61,130,99,62,47,15,9,9,4,4,5,7,8,9,9,13,24,26,38,39,55,53,93,105,112
91623,2319,284,579,662,237,175,177,205,238,171,87,66,47,24,7,17,26,24,31,34,48,65,47,72,76,90,107,121,156,182,248,335
91920,3022,388,779,812,203,179,332,329,439,319,211,129,78,29,16,25,19,31,25,24,31,36,41,45,58,49,74,107,139,209,361,527
92922,430,46,105,103,46,37,44,49,53,33,19,10,5,1,2,4,8,3,2,5,7,4,8,5,10,10,9,10,10,50,82,80
90204,79,8,27,22,5,8,5,4,16,12,5,1,0,0,0,0,1,1,1,2,0,0,0,3,2,4,0,1,8,3,7,12
91703,366,46,110,112,24,19,18,37,32,20,7,4,2,2,4,3,2,2,8,5,4,6,9,7,4,19,27,7,25,43,64,60
92029,1256,137,455,401,103,45,60,55,137,110,59,23,20,6,5,1,3,6,3,4,11,15,22,14,28,35,49,66,96,143,179,221
91804,1328,135,409,431,100,85,78,90,106,98,59,35,22,15,4,7,5,16,16,16,18,29,37,28,37,32,65,88,104,142,181,168
91521,380,53,106,92,20,17,24,68,52,41,23,9,6,1,5,1,4,2,2,7,3,2,4,7,9,7,5,9,11,33,54,83
92324,3892,544,972,978,403,304,348,343,382,309,239,159,110,48,39,42,40,50,63,55,51,64,93,85,104,118,139,181,240,344,448,489
92626,2324,218,685,742,204,158,145,172,295,207,161,89,40,17,11,12,12,22,27,33,39,45,33,48,59,60,77,102,146,177,273,339
91806,1402,105,499,520,85,59,54,80,165,122,64,26,11,12,8,6,2,7,8,13,12,13,12,16,24,21,39,58,124,153,252,234
90430,542,54,204,152,37,28,40,27,53,46,24,33,11,4,1,1,3,11,12,6,8,13,7,11,13,14,24,24,33,43,77,70
91221,2295,369,597,431,207,223,222,246,246,167,76,51,42,25,34,22,12,25,36,31,37,43,40,43,32,33,81,130,132,236,325,396
91324,3157,444,899,855,243,219,228,269,459,317,176,105,46,35,20,14,20,18,18,21,47,41,43,54,59,54,93,113,188,274,405,537
91729,911,99,188,377,79,44,60,64,83,59,50,21,13,7,3,5,5,6,9,4,14,13,9,20,20,17,35,67,93,101,127,130
92128,5752,490,1853,2319,434,211,206,239,688,506,291,147,86,55,27,27,16,30,39,48,68,75,103,132,165,192,259,342,439,548,668,801
92912,729,81,215,203,63,51,40,76,88,45,19,13,16,3,4,8,5,6,16,20,7,17,24,22,28,21,32,44,52,42,114,83
92425,3045,340,835,931,302,194,212,231,353,301,236,121,98,57,30,26,23,32,33,30,32,39,51,49,53,72,83,141,188,252,355,390
92125,5166,643,1547,1684,355,262,314,361,654,496,291,173,88,62,46,30,32,25,30,43,48,79,94,96,100,146,180,248,278,440,678,809
92229,3125,277,960,1275,241,106,135,131,505,365,203,95,48,19,6,13,6,17,16,26,40,27,33,40,61,70,103,107,192,240,383,510
92224,7047,887,1922,1920,692,509,506,611,882,643,430,267,159,104,46,51,38,41,60,74,83,91,95,108,131,165,232,342,487,601,925,992
90522,334,51,67,92,51,26,21,26,49,35,32,16,7,1,1,1,6,11,13,15,16,12,4,8,9,5,4,10,17,12,23,27
93022,1911,299,465,362,218,184,187,196,276,141,86,61,33,23,27,17,14,18,22,35,30,25,37,36,36,56,61,91,91,134,248,313
90305,230,38,82,52,17,15,12,14,26,21,9,3,4,0,0,0,2,0,1,1,3,2,1,6,6,6,8,3,12,27,44,45
92318,1158,147,343,282,84,101,91,110,141,88,50,37,14,13,5,5,12,15,13,11,20,19,29,25,26,45,55,54,61,107,147,166
92017,1377,230,239,177,167,176,175,213,101,48,30,17,4,12,10,49,135,90,58,80,62,46,67,44,45,28,37,38,58,64,109,145
90729,2529,317,702,755,219,158,162,216,260,235,144,80,60,32,21,22,24,32,33,45,48,47,44,58,90,105,126,136,116,166,268,337
90121,1653,199,397,390,214,154,132,167,210,169,163,121,66,37,21,14,25,27,23,25,21,25,29,26,32,31,33,44,64,74,142,231
90209,160,29,49,36,11,13,10,12,15,14,4,0,1,1,0,0,1,2,1,2,4,8,7,12,7,8,9,5,13,7,23,16
91420,2275,378,498,421,235,206,228,309,225,152,69,25,35,10,12,9,27,20,28,54,82,126,146,164,167,90,92,74,70,127,187,284
93020,998,111,215,227,121,98,108,118,108,64,32,19,11,7,3,14,11,22,20,40,21,22,18,25,36,32,35,36,51,71,138,162
92610,1272,161,428,353,102,69,68,91,168,126,42,25,25,12,3,4,5,8,9,13,19,23,24,28,39,37,49,60,86,106,155,206
91628,5636,456,1646,2371,464,239,228,232,779,679,496,303,157,96,43,19,24,40,42,33,58,41,46,55,82,131,119,196,220,428,689,860
92720,1527,144,389,422,160,118,134,160,199,142,73,21,23,14,26,28,14,19,30,19,15,30,23,20,15,36,37,49,74,124,207,289
91926,271,42,68,76,26,25,11,23,30,24,14,3,3,6,1,0,1,1,2,2,3,4,2,3,5,6,8,15,12,33,49,44
90926,4780,679,1169,1162,460,478,361,471,534,411,259,167,114,65,36,31,41,53,60,59,85,92,94,82,127,168,243,231,299,425,485,619
93122,678,104,139,139,91,64,67,74,68,64,34,20,17,11,4,4,9,12,6,14,13,11,13,17,17,9,11,17,33,66,91,117
92725,1208,83,347,497,125,46,68,42,177,156,84,58,29,12,7,4,5,3,7,9,14,4,17,12,22,26,32,43,65,112,138,172
92625,3011,207,913,1124,315,132,151,169,352,293,228,156,67,21,8,8,8,28,17,24,43,34,45,37,40,74,90,123,180,312,410,413
92121,10606,1275,3313,3013,905,694,676,730,1551,1205,672,354,174,92,53,31,41,51,51,84,92,110,98,138,185,239,366,443,636,907,1416,1617
91830,311,42,52,84,30,37,43,23,42,13,6,5,4,2,3,4,5,2,5,3,4,3,6,2,5,6,16,20,23,36,38,58
92622,4613,609,1174,1301,463,321,372,373,410,353,269,167,103,63,27,16,43,45,56,82,93,126,100,104,106,141,207,209,321,430,576,566
92020,1398,197,386,354,106,115,126,114,156,113,61,37,25,7,9,3,6,10,19,23,25,27,48,37,30,40,70,71,115,130,159,177
91902,3886,496,1026,1122,341,273,295,333,433,394,297,139,47,19,30,22,35,29,46,56,79,46,63,66,73,93,111,135,200,338,553,582
91917,4295,688,1154,794,276,359,483,541,354,206,133,68,60,46,28,71,61,46,88,204,225,192,153,147,160,132,161,171,240,336,474,539
93003,846,94,263,196,82,67,71,73,105,64,42,20,16,6,7,9,9,5,7,10,17,16,15,13,28,23,28,40,59,106,104,97
92715,256,34,68,39,37,24,26,28,28,15,9,7,6,5,4,4,3,6,8,4,4,9,9,8,12,4,5,9,15,19,22,41
90629,634,63,189,154,74,50,54,50,56,43,15,15,12,3,4,3,6,3,12,33,15,21,17,25,19,36,34,30,42,44,73,73
91520,4118,652,1142,704,314,384,397,525,481,301,190,108,72,33,23,30,34,43,45,51,66,62,63,70,65,84,159,277,301,354,557,649
90602,659,82,168,129,63,54,93,70,74,43,30,12,12,2,3,1,3,2,3,4,6,5,9,15,17,16,23,30,49,66,118,116
91617,1189,194,278,247,73,101,116,180,188,160,132,70,35,8,2,5,7,4,9,8,11,12,13,27,27,43,25,18,49,62,122,152
93101,1123,164,307,227,142,84,106,93,117,64,34,20,9,3,7,4,2,5,10,8,10,13,19,26,27,27,46,55,105,142,197,173
90901,393,59,116,117,18,33,24,26,48,35,18,10,12,1,4,0,1,1,1,4,4,0,5,16,15,14,18,16,20,38,51,61
91604,138,23,40,24,10,14,12,15,17,8,5,7,5,1,1,2,1,3,4,2,3,2,4,1,3,2,1,4,8,11,20,23
92917,642,77,193,161,83,45,36,47,59,52,25,22,10,2,2,4,6,10,16,12,10,4,9,10,21,21,17,25,40,65,83,117
93021,1489,179,329,386,164,137,146,148,181,116,77,43,37,24,8,7,20,17,19,32,40,51,34,17,18,27,44,42,81,99,220,235
91531,1222,161,316,330,125,81,110,99,161,116,80,53,37,17,12,14,40,18,16,18,17,21,14,20,23,25,33,42,55,84,150,156
92607,490,51,158,160,40,36,21,24,45,41,25,15,9,4,0,0,0,5,3,5,6,5,10,7,13,19,23,26,35,51,63,80
91430,1246,188,314,285,128,104,110,117,147,128,102,58,30,26,14,18,12,19,18,21,20,18,17,18,19,15,33,31,41,77,176,188
92018,1072,162,254,233,65,76,73,209,90,46,47,22,9,6,6,12,18,12,15,13,21,41,17,27,20,36,31,52,101,121,139,170
91229,1962,180,684,708,132,77,98,83,311,257,122,71,39,29,12,8,11,9,10,11,18,19,18,19,17,45,57,61,88,131,286,313
91407,42,2,18,10,5,4,1,2,9,3,3,1,0,0,0,0,2,0,0,0,0,2,0,0,0,3,1,4,0,3,4,7
90225,1899,291,554,457,173,126,116,182,278,218,155,94,42,16,9,5,8,40,24,16,20,16,19,22,34,28,48,63,87,120,214,323
91020,2984,478,781,631,241,253,252,348,530,366,187,87,45,30,8,10,12,18,32,37,35,39,49,41,77,77,75,113,134,190,288,504
92609,1627,192,411,452,168,120,149,135,230,150,108,54,30,19,11,9,11,14,14,21,17,24,20,38,30,32,41,58,77,138,226,255
92204,1123,82,254,357,126,85,146,73,149,170,153,87,31,12,6,2,7,6,10,3,9,15,8,21,19,13,28,34,44,54,98,144
92031,2039,190,672,745,147,68,97,120,260,200,130,56,33,12,5,4,8,10,19,19,20,31,30,53,40,65,74,85,128,172,291,294
91621,1346,197,424,303,116,90,86,130,144,79,51,21,11,9,8,8,14,13,25,20,33,17,29,24,26,27,35,69,109,150,225,199
91825,769,88,270,239,44,42,34,52,107,77,35,24,12,12,11,2,2,8,3,6,7,18,16,13,13,6,18,22,53,77,101,126
93121,1726,216,426,390,189,175,170,160,209,172,98,64,39,25,16,17,19,21,19,29,40,31,27,34,47,48,52,57,78,111,188,285
92218,1920,258,650,408,162,121,143,178,239,157,84,49,29,16,13,12,10,21,21,30,21,40,42,43,42,43,51,86,135,167,288,281
92623,1842,183,505,651,206,81,103,113,205,212,144,97,53,17,7,6,14,14,21,23,16,24,17,33,38,45,57,77,95,136,230,261
93004,1529,194,412,434,142,104,108,135,153,137,89,49,22,14,6,8,19,15,19,29,24,38,43,36,42,51,72,85,96,116,172,194
91631,346,25,119,113,37,13,14,25,57,35,26,9,6,2,4,0,0,9,2,3,2,1,9,3,11,2,7,13,17,24,36,68
93102,539,66,162,98,57,46,60,50,41,28,22,11,5,2,1,3,3,10,7,12,5,12,5,13,15,22,32,52,46,52,73,67
91630,572,39,162,254,53,20,25,19,94,64,42,16,7,3,0,0,1,2,0,2,4,4,7,6,6,14,15,27,37,48,70,103
92201,2729,195,797,1101,266,120,116,134,308,247,182,101,69,27,14,13,12,23,28,30,34,52,45,66,64,83,92,141,171,245,320,362
92003,1180,136,352,411,74,73,64,70,128,96,63,48,26,14,4,4,5,9,4,5,15,8,15,18,31,35,79,55,75,129,143,171
91620,2186,370,754,429,150,140,133,210,284,204,115,62,52,25,14,19,25,16,21,27,39,31,31,44,45,47,60,76,118,162,282,387
91702,486,47,165,148,37,33,30,26,92,58,33,9,5,1,1,0,1,3,4,5,11,6,2,3,3,9,13,10,8,37,80,92
92418,2069,207,757,582,153,113,117,140,255,190,110,65,28,26,15,8,7,16,14,26,19,35,50,44,26,55,73,78,126,169,325,309
92611,664,93,215,150,57,44,48,57,57,47,20,11,5,4,2,4,4,0,5,4,8,12,11,24,27,31,35,50,50,72,96,85
92719,370,34,84,81,36,42,45,48,45,28,15,7,3,3,4,4,2,6,9,3,1,5,8,9,9,11,14,19,23,20,58,64
91025,598,95,130,169,64,50,44,46,99,56,41,15,15,8,3,1,2,7,3,5,4,7,4,7,9,14,22,16,39,41,82,98
91325,1451,187,456,380,120,83,99,126,200,137,92,50,27,12,10,8,10,12,16,14,17,25,19,18,13,25,24,35,89,157,176,265
92909,751,102,222,149,56,69,82,71,88,68,39,15,12,4,2,4,9,4,8,10,12,15,19,19,17,24,24,33,38,49,97,141
91401,627,73,158,177,73,42,44,60,90,56,33,11,10,8,5,4,5,7,5,3,11,8,13,15,19,13,20,16,33,52,74,116
91422,1269,200,339,325,109,110,94,92,131,102,63,41,31,24,9,4,3,5,9,14,19,14,27,23,28,47,51,50,95,128,151,200
92101,2886,267,744,1184,290,142,118,141,331,278,185,112,74,29,22,13,18,14,29,24,34,52,54,65,95,76,112,122,195,258,336,358
90025,549,56,138,165,52,48,32,58,60,37,21,21,10,6,2,1,1,2,3,16,19,20,20,13,13,17,14,25,47,57,57,67
93018,741,93,171,177,76,80,64,80,85,62,46,26,17,8,10,11,10,12,10,8,13,26,13,14,14,21,25,32,31,47,69,131
91224,717,97,210,206,63,48,47,46,99,69,39,20,12,7,4,3,5,6,7,10,11,7,10,14,18,14,18,37,41,59,105,102
92708,1181,103,453,323,113,74,44,71,121,77,50,25,17,8,5,1,4,15,20,28,33,32,19,26,34,59,45,47,82,103,159,171
91331,441,41,141,138,36,38,26,21,66,40,25,15,4,1,2,1,1,3,8,5,10,6,6,3,6,9,16,8,17,41,78,70
93005,1536,202,433,419,123,118,131,110,139,98,38,25,16,9,6,9,13,14,19,24,36,55,44,51,52,56,76,102,110,168,197,179
92005,1232,126,402,388,113,68,58,77,137,109,85,43,25,13,9,5,12,6,12,10,17,19,41,31,40,35,35,51,71,99,171,156
91826,762,69,224,246,61,45,52,65,145,76,39,17,11,13,5,5,4,4,2,4,7,4,7,5,12,16,20,17,26,58,120,145
92806,404,34,122,123,34,24,43,24,49,31,23,9,6,2,1,1,0,5,4,5,2,2,2,3,8,12,8,20,24,49,73,65
92516,170,18,51,52,8,9,27,5,19,15,6,4,3,2,3,1,0,1,5,4,3,0,2,3,8,1,17,4,9,11,24,25
91905,1379,135,367,513,156,67,64,77,146,177,118,57,35,14,11,6,9,5,7,19,16,26,24,21,31,48,49,49,79,106,151,175
92202,1999,182,547,775,187,101,90,117,201,176,109,77,43,15,8,7,6,21,27,29,35,41,40,54,56,74,82,105,142,175,232,244
91601,159,12,41,69,12,5,10,10,17,17,14,1,2,6,0,2,1,1,1,2,0,2,2,4,1,3,3,3,5,8,30,34
92228,3857,400,1077,1453,318,177,182,250,452,383,243,149,75,27,20,12,19,28,22,33,59,37,48,73,100,96,136,202,294,367,470,512
92404,824,74,228,294,87,51,40,50,90,73,54,38,26,5,1,1,6,7,13,13,13,10,17,17,16,27,32,35,60,69,106,95
91824,68,11,20,22,4,7,3,1,4,7,9,2,1,1,1,1,1,0,1,1,2,0,1,6,0,3,3,2,1,4,10,7
90529,852,83,298,261,74,23,51,62,107,70,55,27,13,6,9,3,4,4,3,2,5,9,15,13,11,28,35,37,54,58,128,156
92523,2850,283,772,968,332,170,161,164,371,262,205,150,79,36,12,19,19,29,23,43,33,51,56,51,67,68,84,131,148,226,317,370
93119,642,91,163,161,62,53,48,64,77,59,34,21,13,8,3,3,1,12,7,10,14,24,16,12,14,25,23,26,30,51,85,74
93012,619,80,196,113,50,53,55,72,76,52,28,16,5,4,3,3,7,3,7,16,16,7,19,11,10,16,18,25,19,46,106,106
91508,87,11,27,24,8,8,4,5,19,11,2,0,0,1,1,0,0,1,2,3,0,0,2,0,3,0,0,0,1,9,11,21
92027,386,37,118,139,31,17,19,25,52,37,29,6,4,6,0,3,3,2,3,3,5,7,6,3,3,9,11,17,22,33,58,64
90830,792,83,329,201,85,26,32,36,85,55,31,18,6,0,1,4,6,1,5,6,9,11,15,20,27,34,41,50,68,77,103,119
93123,573,99,139,165,56,28,38,48,79,54,41,15,7,1,2,3,2,7,7,6,11,6,8,16,10,18,15,22,41,36,73,93
91805,1917,190,545,802,166,82,61,71,251,165,86,43,22,13,4,7,6,12,14,23,23,28,45,35,52,64,68,86,125,174,254,317
93002,1127,136,298,294,99,103,92,105,119,95,67,39,16,14,16,4,10,5,12,11,18,25,29,36,34,40,39,54,74,108,123,139
90831,1298,154,365,366,154,83,73,103,123,103,63,31,16,12,9,6,27,32,26,20,24,17,15,23,27,26,50,79,112,138,178,141
92428,763,91,219,241,75,48,51,38,92,48,25,27,20,22,31,8,13,5,8,14,19,24,18,20,18,19,20,23,29,61,83,116
91502,519,48,209,160,29,19,19,35,91,53,17,11,5,0,1,0,1,6,3,3,3,8,3,4,5,8,8,9,22,32,81,145
91303,152,26,50,37,13,4,12,10,9,7,4,4,2,0,1,0,0,0,3,2,2,2,3,3,7,7,7,9,16,13,22,29
91708,343,56,124,82,34,10,16,21,46,26,27,8,5,1,2,2,2,5,4,3,4,5,2,1,10,7,8,8,13,33,58,63
90111,477,57,173,115,29,32,31,40,66,30,13,12,2,2,3,0,4,6,5,2,7,11,3,7,5,11,14,13,26,38,77,120
91602,193,28,52,64,10,12,9,18,29,10,6,1,2,0,0,3,2,2,5,1,1,2,1,7,10,7,7,7,6,19,32,33
90303,60,9,19,10,5,4,6,7,9,2,1,2,0,0,0,0,1,1,1,0,1,0,1,0,2,0,0,3,2,6,14,14
92329,1181,118,394,382,89,54,60,84,163,144,59,35,17,9,2,5,10,8,7,9,15,12,13,24,25,28,33,42,64,98,162,197
92004,1463,138,416,585,125,67,62,70,172,189,112,82,45,6,3,9,8,6,10,14,14,24,31,17,31,44,37,60,88,109,161,191
91404,133,13,46,46,9,6,4,9,16,11,12,8,5,3,1,1,1,0,0,1,0,2,0,2,0,1,0,6,6,15,16,26
92103,1027,92,277,416,99,59,45,39,96,70,73,41,26,10,2,7,2,6,8,13,15,20,36,37,40,47,49,62,73,90,105,99
90630,1993,281,606,588,123,100,116,179,299,188,126,75,48,24,10,9,25,30,26,37,27,39,32,32,27,46,60,70,89,136,253,285
92028,744,107,227,222,68,42,26,52,73,62,26,13,13,3,0,4,0,4,3,2,6,8,15,26,25,46,47,46,56,76,94,96
90230,751,55,228,278,85,34,38,33,102,76,56,29,21,3,2,1,8,3,5,10,5,17,16,14,18,18,14,31,35,56,92,119
92406,1158,83,308,531,96,41,39,60,135,143,91,87,63,15,2,5,3,6,7,5,12,11,10,11,11,19,26,30,50,80,142,194
92328,1765,183,458,588,210,112,104,110,202,152,123,56,34,18,22,18,13,17,16,22,17,30,36,42,45,53,73,102,107,142,186,239
93017,49,7,12,7,6,6,5,6,2,3,1,1,0,0,0,1,0,4,1,3,2,2,1,1,1,2,1,2,2,4,2,13
92519,626,84,203,149,39,37,60,54,92,48,33,18,11,7,6,4,2,4,6,1,4,4,13,11,8,16,13,18,36,54,95,122
90408,413,94,133,50,7,25,16,88,42,15,3,2,0,0,1,1,2,2,2,0,1,2,0,3,6,5,15,22,52,99,75,63
90205,265,36,82,63,20,21,26,17,12,15,13,6,4,1,2,0,4,4,4,6,8,11,7,5,11,17,16,12,20,33,27,27
92302,1489,98,439,646,124,58,69,55,187,146,105,56,39,22,11,3,6,8,5,9,13,13,25,29,22,28,57,74,99,132,194,206
91431,1480,181,374,419,148,113,121,124,164,114,73,49,27,13,19,9,9,20,28,38,37,37,39,46,55,55,52,65,88,104,159,180
92429,257,35,73,85,27,9,17,11,50,17,9,5,3,3,0,1,1,0,1,0,2,6,8,8,11,4,5,7,10,17,35,54
93113,140,44,47,10,3,1,21,14,23,6,0,1,0,0,1,0,0,1,1,1,0,1,0,0,1,1,1,1,4,11,32,54
92706,987,110,314,270,77,69,76,71,119,68,39,20,12,3,6,2,5,10,13,13,16,17,24,24,23,42,37,40,60,87,144,163
90108,197,22,65,38,19,11,17,25,19,12,15,16,8,6,0,2,2,1,2,1,2,2,4,0,4,5,4,3,15,11,23,40
91720,382,53,125,76,23,21,44,40,49,31,27,11,11,6,2,4,4,4,10,7,6,13,8,14,6,4,12,13,26,29,42,43
90304,257,23,72,58,30,24,22,28,19,10,7,4,0,0,1,1,3,3,3,2,2,7,3,4,7,5,16,21,40,33,31,35
91622,580,92,166,171,32,43,33,43,58,42,27,18,16,8,1,1,4,3,2,22,17,19,26,16,12,21,22,20,31,40,69,85
92303,1158,84,361,444,105,50,62,52,119,124,102,72,34,24,5,10,3,3,7,9,3,8,16,13,23,25,30,42,67,114,140,165
92306,799,68,248,255,90,49,44,45,89,87,47,36,10,10,1,2,2,5,3,4,12,11,20,17,30,33,30,43,30,68,101,108
90130,667,125,172,125,74,48,62,61,41,28,18,10,5,3,3,3,3,12,10,14,11,24,20,19,28,45,55,49,56,66,73,71
91706,610,55,204,208,39,38,26,40,82,46,26,10,3,4,2,4,2,6,1,4,8,5,12,6,10,14,9,30,57,79,79,111
92807,376,38,148,96,25,18,25,26,33,23,11,9,6,2,1,0,1,2,1,1,1,3,3,9,16,14,28,20,35,41,55,61
92405,901,82,253,362,84,51,39,30,141,111,90,50,24,12,2,5,2,4,8,20,10,11,12,17,14,18,33,27,36,61,75,118
92813,787,121,234,195,51,50,52,84,107,80,24,10,11,4,5,2,3,9,4,6,13,9,9,12,10,16,15,35,64,82,111,146
91927,785,92,255,252,71,39,48,28,87,69,28,14,12,6,3,3,0,3,10,9,10,12,16,27,18,18,37,44,46,75,133,105
91228,272,33,104,67,22,16,13,17,34,34,8,12,1,8,2,5,4,0,1,0,2,0,0,2,4,5,3,7,6,22,52,60
91923,1246,131,443,456,52,34,50,80,172,170,98,62,37,20,27,16,26,17,18,13,12,20,17,21,29,20,27,27,32,56,139,170
90128,1471,197,423,416,116,100,98,121,149,102,80,55,33,11,9,5,2,13,14,11,21,27,27,40,35,40,60,77,87,151,189,233
90930,573,52,162,226,44,25,31,33,80,65,22,27,5,4,4,2,4,3,3,4,4,4,4,5,9,12,8,21,46,71,78,88
90224,397,47,114,74,57,38,34,33,39,27,19,6,8,4,2,0,3,7,2,6,6,9,6,11,11,15,5,14,21,50,71,55
92713,158,23,38,43,35,9,5,5,25,36,32,20,4,2,0,0,0,0,0,0,2,0,2,0,3,1,1,1,1,4,9,15
93107,335,27,112,111,23,15,25,22,44,22,13,4,2,0,0,0,2,1,2,6,7,12,5,9,11,7,10,12,16,40,53,57
93110,138,14,38,37,9,7,16,17,18,18,7,4,2,0,1,0,3,1,0,2,1,2,1,3,2,0,5,9,6,9,16,28
90208,167,24,59,31,13,11,12,17,11,10,8,3,2,1,1,0,1,1,2,2,4,0,7,7,7,3,4,5,9,18,22,39
91801,1142,159,331,325,85,73,75,94,221,187,86,31,7,6,6,1,3,6,4,11,10,10,11,18,11,21,27,31,36,55,137,206
90107,20,5,6,0,0,2,4,3,0,1,1,1,1,0,0,0,1,0,1,0,0,1,0,1,0,2,0,1,0,5,2,2
91504,134,29,38,28,13,6,10,10,23,6,9,4,2,3,1,1,1,2,1,2,2,3,2,5,2,0,1,4,3,8,16,33
91803,292,20,117,94,18,15,22,6,53,15,16,6,0,0,0,1,1,1,3,2,0,1,2,8,9,8,16,8,26,30,40,46
91026,78,10,22,29,4,6,2,5,8,1,4,3,2,2,4,0,1,1,0,0,1,2,1,3,2,1,2,5,4,11,12,8
91726,1388,126,458,426,104,79,105,90,195,102,71,62,23,21,15,17,11,19,20,19,12,20,14,39,38,39,55,57,73,88,172,206
91629,697,65,151,325,63,35,29,29,98,60,54,21,13,16,9,4,4,6,5,2,8,6,10,14,10,18,15,29,56,59,82,98
93023,603,104,141,146,64,47,47,54,57,44,21,15,2,6,3,7,4,7,7,16,19,15,11,9,19,26,29,30,47,57,76,76
92420,357,39,128,119,13,19,18,21,12,12,10,5,5,2,0,3,7,6,8,12,5,7,16,14,14,17,25,31,22,38,44,42
92305,526,36,158,218,56,21,19,18,56,59,42,31,16,4,1,1,3,5,4,5,9,3,10,11,7,11,22,26,35,42,67,56
90530,358,41,125,89,31,24,25,23,35,21,12,8,2,0,3,6,2,0,6,2,7,8,4,11,6,4,9,15,18,39,78,62
92913,203,15,69,45,18,26,17,13,19,11,10,3,3,2,2,1,2,2,3,2,6,4,4,1,3,5,7,6,10,24,34,39
91603,135,12,53,22,24,6,7,11,17,9,4,5,2,1,0,0,0,2,1,0,0,1,4,1,7,8,9,7,5,16,20,16
92811,214,23,77,64,10,14,11,15,21,19,4,3,1,1,1,0,0,0,3,6,5,8,7,11,6,7,9,9,15,18,24,36
91428,880,69,244,416,60,30,31,30,144,99,78,31,20,12,5,0,2,4,5,0,3,0,1,8,9,7,19,26,50,73,124,160
91305,143,29,34,44,12,11,11,2,10,11,6,6,3,0,2,1,1,2,0,2,4,7,2,3,7,6,3,8,9,9,19,22
92907,110,12,26,44,4,8,2,14,20,9,6,3,1,1,0,1,0,1,0,2,4,3,3,1,5,7,4,3,5,10,11,10
91506,106,13,17,28,6,11,14,17,13,6,6,3,1,0,0,0,0,8,3,2,2,2,4,6,3,3,6,6,6,6,14,6
91131,261,27,83,73,24,15,25,14,47,14,9,11,2,0,0,8,12,2,2,0,2,5,3,2,4,6,4,9,12,12,49,46
93124,24,2,10,8,4,0,0,0,3,1,2,3,0,0,0,0,0,0,0,0,0,1,0,3,1,0,0,1,2,2,2,3
92511,275,41,80,69,29,16,13,27,20,20,24,15,5,0,3,1,1,3,0,3,2,1,7,5,5,13,7,12,15,32,34,47
91807,125,16,55,32,4,3,10,5,18,4,5,0,0,0,0,0,0,0,0,0,4,0,3,0,2,4,6,1,13,15,13,37
90402,146,23,39,29,32,5,11,7,9,7,6,3,1,2,0,1,1,0,0,1,0,0,0,5,2,4,9,8,15,15,33,24
91301,333,43,91,91,35,16,24,33,43,15,12,8,4,1,0,1,2,7,5,2,5,7,15,7,19,9,24,25,11,29,46,36
91231,563,77,192,151,36,23,40,44,93,51,38,29,8,4,6,1,4,1,3,6,6,3,5,5,5,8,10,6,22,36,98,115
91802,436,44,137,126,30,43,26,30,80,26,16,14,2,4,0,1,2,3,3,1,1,2,5,7,5,17,11,7,11,33,90,95
92104,1374,150,383,502,132,75,73,59,181,138,124,84,59,16,12,12,8,13,16,8,16,22,17,17,24,35,46,47,62,115,142,160
92808,341,57,110,64,40,19,23,28,40,23,6,2,3,0,0,0,4,4,3,4,5,5,3,1,10,15,7,11,15,36,84,60
92317,93,14,17,17,4,15,20,6,2,14,7,4,2,1,1,0,1,0,0,1,1,2,3,5,0,1,4,2,7,6,9,20
90800,75,8,17,13,8,10,11,8,16,2,1,0,0,0,0,0,1,0,1,2,2,0,1,0,3,4,1,8,2,5,9,17
92430,149,10,45,40,23,9,9,13,26,13,10,3,3,1,0,0,1,5,1,0,1,3,0,1,4,0,1,6,8,15,14,33
91029,220,18,68,72,22,11,17,12,33,22,18,11,9,0,3,0,1,2,0,1,4,1,1,1,4,4,11,7,12,13,31,31
91326,215,49,36,46,20,23,22,19,17,12,7,4,2,6,3,2,1,3,3,27,13,4,5,7,8,7,10,5,6,20,23,20
90210,505,68,136,102,49,52,39,59,50,35,15,12,8,1,4,4,4,10,3,8,8,5,11,13,14,5,19,21,34,44,73,104
92105,807,67,230,343,73,33,33,28,90,98,85,46,32,12,8,4,5,9,6,1,11,6,4,14,7,12,21,30,41,65,78,122
91202,112,30,35,17,7,5,6,12,7,5,4,5,0,0,0,0,0,0,1,0,1,1,2,1,5,4,5,3,12,17,22,17
91130,21,4,8,5,3,1,0,0,2,0,1,2,0,0,0,0,0,1,0,0,0,1,1,1,0,0,1,1,0,0,5,5
90308,192,15,80,38,14,10,15,20,23,17,8,1,2,0,2,1,1,1,3,4,2,3,4,4,2,6,8,6,9,19,32,34
91302,253,62,84,65,18,10,4,10,42,23,8,10,2,1,0,0,2,0,1,1,2,1,4,4,6,1,8,7,10,14,46,60
90110,477,60,162,133,44,20,33,25,79,47,28,18,7,0,3,0,3,2,4,9,5,2,3,3,7,5,8,8,18,47,96,75
92707,780,76,242,241,55,55,52,59,101,70,30,14,8,4,4,2,8,13,10,6,9,12,11,8,19,31,25,32,56,78,104,125
92506,548,42,177,214,49,23,19,24,68,45,41,14,13,2,2,1,0,1,5,2,6,6,4,13,5,13,29,30,40,55,78,75
91402,562,66,150,103,90,50,40,63,44,39,18,9,4,3,3,0,5,49,25,10,7,8,5,12,10,11,37,16,96,31,58,62
92908,454,63,128,84,57,30,51,41,26,19,13,3,8,0,0,1,4,6,8,13,26,22,15,28,16,32,26,29,33,38,50,38
91723,190,13,83,58,13,9,8,6,18,20,9,9,6,1,2,2,4,1,1,1,1,1,0,2,2,7,5,9,11,22,25,31
90127,293,42,100,75,26,11,14,25,37,29,19,9,4,4,1,3,6,3,4,6,1,3,6,3,2,2,6,21,30,21,37,36
91425,512,63,163,141,43,38,42,22,53,39,28,10,12,10,6,3,2,1,6,9,10,9,10,13,12,19,13,16,26,43,73,89
90730,1361,173,363,429,136,78,85,97,207,114,99,53,22,6,5,7,14,13,7,7,14,21,19,26,35,29,28,45,65,101,189,235
91730,310,27,57,156,38,9,12,11,39,13,36,36,1,2,1,1,1,0,2,0,3,0,4,4,2,13,15,19,33,16,35,34
93013,532,68,194,118,47,36,37,32,63,31,16,8,8,3,6,6,4,10,10,10,9,9,12,18,9,13,21,18,30,37,77,104
90703,72,20,15,22,5,3,3,4,3,6,1,0,0,0,0,1,1,0,0,0,0,0,0,1,3,4,4,8,13,7,6,14
92809,273,36,79,86,21,18,14,19,38,34,9,6,3,1,0,0,1,1,5,2,5,0,4,3,5,3,9,4,21,38,51,30
90211,70,9,16,17,9,6,11,2,11,3,2,0,0,0,0,1,2,0,3,1,2,5,2,4,3,3,3,4,3,6,4,8
90106,76,9,17,25,5,7,9,4,7,5,2,2,0,1,1,0,0,1,1,1,0,0,2,0,0,0,1,2,5,7,18,20
92205,936,148,262,300,72,48,48,58,91,102,61,62,23,3,3,1,2,1,10,14,12,22,15,19,32,31,51,43,64,87,93,94
91230,280,29,116,85,19,4,16,11,60,12,23,10,7,4,1,0,1,0,1,4,2,2,4,7,4,4,2,6,16,23,37,50
91028,525,54,162,168,45,32,42,22,75,56,30,25,10,6,2,2,2,8,6,6,6,12,10,8,9,14,22,15,21,42,59,79
91124,123,13,27,65,8,2,6,2,11,5,6,2,1,0,1,0,0,0,0,1,1,2,3,1,8,8,11,10,15,11,16,10
91605,94,12,32,24,4,3,4,15,10,10,6,1,0,1,1,0,3,0,2,1,1,1,1,2,0,4,2,2,8,11,11,16
92924,214,23,51,68,19,7,24,22,24,7,6,7,2,1,2,4,2,4,2,3,3,5,9,3,3,4,2,9,10,19,35,48
93001,492,51,122,166,49,32,31,41,72,36,28,17,8,3,3,1,4,3,9,2,6,9,15,6,11,13,10,23,29,41,65,78
90702,240,21,83,58,19,23,20,16,39,16,17,1,1,3,0,0,0,0,2,5,3,4,5,3,7,7,11,6,17,19,28,46
90109,207,22,55,53,25,15,18,19,30,13,3,4,2,0,0,2,5,5,1,1,8,4,9,5,4,4,6,13,12,18,27,31
90404,132,21,44,34,1,6,15,11,16,10,7,0,0,0,0,0,0,0,1,1,0,0,3,1,1,3,2,1,5,10,39,32
90306,312,56,98,52,21,27,31,27,29,16,5,5,3,1,1,0,1,0,2,1,2,2,3,4,8,6,6,10,21,39,78,69
91503,299,35,108,81,21,12,18,24,28,20,9,9,7,1,2,4,0,0,0,5,2,7,4,5,8,3,5,11,22,30,60,57
93006,326,46,101,76,22,34,24,23,37,12,7,5,4,0,0,0,1,4,1,2,7,4,3,9,10,9,20,21,27,35,54,54
92825,196,27,61,57,8,11,17,15,35,16,4,7,0,0,1,1,0,0,0,2,2,2,3,4,7,3,7,10,13,16,35,28
90403,185,39,52,46,17,4,15,12,19,8,6,2,1,1,0,0,4,0,0,1,1,4,5,5,3,3,6,10,12,28,34,32
92906,302,52,73,82,33,15,22,25,36,15,8,7,1,2,0,1,0,6,2,8,6,9,9,13,10,25,9,13,21,23,41,37
90125,454,37,150,133,31,41,30,32,44,40,18,11,10,9,5,1,0,4,2,1,0,5,10,17,15,10,19,28,35,46,64,60
90124,20,1,2,2,0,5,2,8,4,1,0,0,1,0,0,0,0,1,0,0,0,1,1,2,0,0,1,1,0,0,0,7
93009,83,19,21,27,8,1,2,5,5,5,2,0,3,0,0,1,0,0,1,0,3,3,2,1,2,1,2,4,2,15,16,15
90309,37,3,18,7,3,1,2,3,6,1,1,0,0,0,0,0,0,1,1,0,2,0,0,0,1,1,2,1,1,4,9,6
92330,411,33,156,154,27,11,16,14,43,43,25,6,3,0,2,3,2,3,2,2,3,7,6,3,5,6,15,17,40,40,55,80
91101,143,12,54,43,11,7,9,7,24,8,2,3,1,1,1,1,3,4,2,2,0,2,0,3,2,3,0,5,10,14,28,24
92711,353,53,115,80,31,20,24,30,32,33,21,8,4,1,0,1,3,7,3,9,8,3,10,3,14,12,31,16,19,30,28,57
92206,339,30,119,127,29,15,8,11,39,40,36,19,16,2,4,1,2,3,3,1,1,3,3,6,4,5,6,5,17,35,42,46
90503,131,19,45,28,9,10,9,11,15,2,4,0,0,1,0,1,0,1,3,3,2,1,4,3,6,3,4,2,9,20,25,22
91223,42,1,11,23,6,0,1,0,4,3,3,1,2,0,0,0,0,0,0,0,0,1,0,1,3,1,3,4,5,5,3,3
90603,66,12,27,9,3,4,6,5,6,5,0,0,2,1,0,0,0,0,0,0,1,2,2,0,0,0,1,6,2,4,14,20
90406,239,42,61,42,31,21,25,17,23,11,4,3,0,4,0,1,1,0,1,4,1,1,3,3,5,13,5,8,21,43,34,50
92613,14,1,3,3,1,1,3,2,0,1,1,2,1,0,0,1,0,0,1,0,0,0,0,0,0,0,1,0,2,1,2,1
92911,86,11,23,23,5,7,8,9,10,4,3,2,1,0,0,0,3,1,1,1,1,1,2,1,4,0,2,1,0,8,19,21
90731,454,48,124,104,44,48,41,45,41,18,12,7,0,3,1,2,2,1,1,7,2,7,5,2,9,8,15,48,67,66,69,61
91201,256,28,72,84,34,14,9,15,32,13,10,7,5,2,2,0,2,1,0,1,2,6,9,5,3,12,15,12,14,25,34,44
93106,192,27,47,48,23,15,15,17,21,15,8,8,5,1,2,1,0,5,4,4,2,1,4,6,6,9,6,7,9,16,19,33
92923,364,46,111,91,30,18,23,45,29,24,17,10,3,3,0,4,8,6,5,8,10,5,9,13,11,11,19,12,27,29,52,49
90504,114,15,38,25,17,10,8,1,13,13,2,0,1,1,1,0,1,2,3,2,0,0,1,2,2,2,0,4,6,12,17,29
90401,74,12,9,12,17,3,11,10,3,6,5,1,6,4,3,0,1,0,1,1,1,1,0,2,0,0,4,7,2,13,10,3
90700,669,101,209,154,28,33,54,90,78,52,26,4,1,0,1,1,1,7,9,5,7,11,14,8,20,21,17,38,50,85,93,120
90407,297,45,90,91,20,11,17,23,50,27,6,4,2,1,3,3,2,0,1,1,0,0,2,2,0,3,4,18,15,29,59,65
91129,459,81,125,141,26,32,27,27,74,58,28,17,16,7,0,3,1,1,3,3,6,1,5,5,6,4,4,13,18,39,63,84
92006,571,42,168,237,34,39,28,23,84,69,48,27,12,9,0,0,1,3,4,3,9,3,5,8,9,14,12,17,28,42,84,80
90307,401,58,114,99,31,27,37,35,38,22,16,7,2,2,0,1,0,3,6,4,5,8,7,7,10,16,13,25,33,55,56,65
93011,254,26,79,81,16,20,17,15,30,17,9,7,3,0,0,2,1,3,2,1,3,3,6,7,2,13,13,7,16,22,40,47
91517,35,3,19,0,4,1,6,2,0,2,3,0,1,0,0,0,0,0,1,0,3,0,3,1,0,2,0,5,2,6,1,5
92505,83,12,22,27,10,2,4,6,6,8,8,2,1,2,1,0,0,0,0,1,0,0,1,0,1,1,3,4,8,10,11,15
91507,57,8,20,12,0,6,4,7,2,3,1,3,2,0,0,0,0,3,1,2,0,0,0,0,1,3,2,9,2,9,4,10
92925,101,16,30,24,5,10,7,9,6,1,2,2,0,0,0,0,0,0,0,4,1,6,3,2,14,9,3,4,7,11,6,20
90631,252,29,65,100,17,9,10,22,23,14,10,7,4,5,2,0,0,1,2,1,5,9,4,6,6,8,16,12,26,25,43,23
90227,125,13,23,33,16,17,15,8,6,8,6,6,4,2,2,0,2,1,3,1,4,4,0,2,2,5,13,10,10,14,7,13
92126,303,33,88,88,27,24,20,23,13,9,0,3,2,1,0,1,1,0,3,0,6,10,13,9,13,20,25,23,53,33,32,33
92804,36,4,10,14,7,0,1,0,7,3,1,4,0,0,0,0,0,0,0,0,0,0,0,1,0,1,1,4,2,1,7,4
93104,68,8,35,19,2,3,1,0,9,4,1,1,0,0,0,1,0,0,0,0,0,0,1,0,1,0,0,1,6,10,20,13
92615,114,25,31,25,8,10,7,8,2,8,3,5,1,0,0,1,1,2,0,6,0,2,4,4,4,5,3,4,4,9,25,21
92529,67,9,16,17,7,4,5,9,12,3,1,2,0,0,2,0,1,0,1,0,0,1,0,2,2,1,4,2,5,3,14,11
90507,55,4,19,14,6,3,8,1,7,4,2,2,0,0,0,1,0,1,0,1,0,1,0,0,2,1,3,4,0,6,11,9
90122,102,12,35,14,9,5,13,14,13,2,3,2,5,1,1,0,1,0,0,1,1,3,2,2,3,4,2,4,3,10,20,19
90501,34,11,6,5,3,5,2,2,6,2,1,0,0,1,1,1,0,0,1,0,0,1,0,0,0,1,0,0,2,6,7,4
91330,241,43,48,61,20,21,17,31,26,17,17,9,3,1,2,3,1,0,3,2,4,3,3,4,2,7,1,11,13,25,36,48
90502,121,11,33,49,8,6,3,11,5,5,3,0,0,0,1,0,1,1,1,0,2,1,5,3,9,8,5,3,9,24,22,13
90112,28,8,11,3,3,1,0,2,2,0,2,2,0,1,0,0,0,0,0,0,0,1,0,0,0,0,1,1,4,3,4,7
90505,48,6,14,9,2,4,4,9,8,2,0,0,0,0,0,0,0,0,0,0,0,0,1,0,2,1,0,0,4,4,9,17
91707,397,65,157,86,14,14,27,34,47,32,12,4,3,0,2,0,2,3,2,5,7,5,6,4,6,9,8,11,37,34,62,96
91203,177,19,47,44,24,14,14,15,20,11,3,4,2,3,1,1,1,0,7,3,2,4,3,5,8,4,8,2,12,15,28,30
90207,184,28,63,26,18,21,14,14,14,9,2,6,1,0,0,2,1,3,3,3,3,2,4,5,1,4,5,4,13,25,43,31
90704,30,8,9,3,2,2,5,1,2,0,0,0,1,0,0,0,0,0,0,1,0,0,1,1,0,1,0,3,1,2,8,9
92403,166,11,52,72,15,8,4,4,19,19,16,10,10,2,0,0,0,0,0,0,1,2,1,2,3,5,4,2,10,13,22,25
90601,138,31,34,40,4,4,9,16,51,15,7,0,0,1,0,0,1,0,0,0,6,1,2,1,1,3,0,0,3,9,9,28
90206,98,12,28,22,15,10,6,5,2,7,0,0,0,0,0,1,2,0,1,0,1,1,4,4,1,3,1,3,7,11,37,12
91704,123,6,29,41,6,7,20,14,12,4,1,1,0,2,1,1,0,0,1,1,0,2,2,3,4,5,3,4,4,16,23,33
91306,299,56,82,37,6,14,30,74,19,4,3,0,0,0,0,0,0,0,0,2,1,0,1,1,3,3,2,3,12,60,125,60
90701,215,34,93,39,16,8,13,15,17,9,3,2,2,3,2,1,1,1,2,2,8,6,5,4,4,6,11,11,15,22,38,43
92810,230,29,80,63,12,12,22,18,14,8,2,0,0,0,0,1,1,3,2,3,14,22,6,17,5,1,8,19,18,28,40,24
92407,75,4,26,28,13,1,9,0,11,15,7,2,2,0,0,2,1,0,0,0,1,0,0,0,1,1,2,4,9,3,10,10
91406,118,11,30,25,6,13,4,0,14,15,10,2,2,0,0,0,0,0,0,0,0,1,0,4,1,1,3,3,5,6,8,14
91929,508,78,183,112,42,28,47,37,88,55,28,14,5,6,7,2,1,3,5,0,5,3,6,1,9,7,9,14,23,50,78,108
93112,62,11,30,10,9,4,5,6,8,7,2,0,0,0,1,0,0,0,0,2,2,1,1,2,2,1,2,1,2,7,17,17
93118,100,13,34,29,9,5,6,6,11,10,1,4,0,2,3,1,5,3,2,1,1,0,1,2,1,2,4,5,2,11,13,17
91327,18,0,3,8,2,1,0,0,1,3,1,2,2,0,0,1,0,0,1,0,0,0,0,0,1,1,0,0,0,0,1,0
92510,73,18,33,16,0,0,4,3,2,0,0,0,0,0,0,0,0,1,0,0,0,0,0,1,1,2,0,4,8,16,27,12
90506,132,22,46,29,10,5,6,11,17,5,2,2,0,0,0,0,2,0,0,0,0,4,7,7,0,3,0,4,9,18,23,26
90604,42,5,15,9,9,5,0,7,14,4,1,0,0,1,0,0,1,1,0,0,1,1,1,1,0,1,0,1,3,4,6,9
90605,39,6,25,3,2,0,0,0,4,2,0,0,0,0,0,0,1,0,1,0,1,0,0,0,0,1,0,3,4,6,7,6
91529,469,38,115,240,39,14,11,11,80,44,33,24,13,3,1,1,2,2,1,4,1,0,1,1,2,8,10,22,25,50,68,72
90231,48,0,26,17,2,1,3,1,5,6,3,0,1,1,0,0,0,0,0,0,0,2,0,0,1,2,2,0,4,5,12,6
90331,15,3,1,2,2,0,0,0,2,1,0,0,1,0,0,0,0,0,0,0,1,0,0,0,0,0,1,1,0,0,1,0
92530,841,120,170,199,38,59,86,177,159,95,39,12,1,2,2,3,4,6,1,2,1,2,4,4,5,6,8,16,40,116,142,179
90801,70,9,21,8,5,11,6,6,2,2,0,0,0,0,1,0,2,6,1,3,3,0,0,3,5,2,7,3,7,7,5,7
93031,15,1,3,10,3,1,0,0,4,0,0,0,1,0,0,0,0,0,1,0,1,0,2,0,1,0,2,1,1,1,1,2
90606,22,4,6,6,1,1,0,5,4,2,0,0,1,0,0,0,1,0,1,0,0,1,0,0,0,0,1,0,1,2,3,6
93008,147,20,26,33,21,14,12,14,24,15,7,3,3,2,1,0,0,0,1,1,2,2,3,2,4,7,5,2,6,12,19,19
91405,77,19,30,21,2,3,6,3,12,7,7,2,2,0,1,2,0,2,0,0,2,3,1,2,1,1,1,4,3,4,8,19
93129,34,7,12,12,1,1,0,1,7,2,1,1,0,1,0,1,0,0,0,0,0,1,1,0,1,0,0,2,4,1,4,7
92431,11,1,2,7,0,1,0,1,1,0,1,1,0,0,0,0,0,0,0,0,0,1,0,1,0,0,1,1,1,2,1,1
92831,7,0,3,2,1,0,0,0,1,0,1,0,0,0,0,0,0,0,0,0,0,0,0,1,0,0,1,1,1,0,0,0
92803,27,0,3,25,0,0,0,0,1,0,0,0,0,0,0,0,0,0,0,0,0,0,0,0,0,1,4,3,4,14,0,1
92903,171,1,47,98,12,1,0,2,14,7,15,5,0,0,0,0,0,0,0,0,0,0,1,0,0,1,9,9,30,17,25,28
93007,78,9,37,21,1,3,8,6,6,5,7,1,1,0,1,0,0,0,1,0,0,0,0,1,1,1,3,6,5,8,19,19
92417,40,3,3,14,4,2,6,7,3,7,2,1,0,0,0,0,0,0,0,0,1,1,0,0,0,0,4,4,2,3,3,8
90531,31,3,11,8,3,2,4,2,5,4,3,0,1,0,0,0,0,0,0,0,0,0,0,0,0,0,2,3,4,3,5,3
92207,17,0,10,5,1,1,1,0,5,3,2,0,0,0,0,0,0,0,0,0,0,0,0,0,0,0,0,0,0,2,2,4
92015,4,0,2,0,0,0,0,0,0,0,0,0,0,0,0,0,0,0,0,0,0,0,0,0,0,0,0,0,0,0,0,2
92527,20,1,10,3,2,2,2,0,3,1,0,1,0,0,0,1,0,0,1,0,1,0,0,2,1,1,0,1,0,0,3,4
92931,63,10,18,17,10,3,3,2,8,5,3,1,2,0,1,0,0,0,0,0,0,1,1,0,1,2,0,0,3,13,11,11
92507,27,1,14,9,2,2,1,0,4,7,2,0,0,2,0,0,0,0,0,1,0,1,0,0,0,0,0,0,0,2,2,8
90117,23,2,4,9,3,3,1,2,1,1,1,0,0,0,0,0,0,0,1,2,0,1,2,0,1,0,1,0,1,2,4,6
