type,time,raw
4,375,0
4,150,4
5,390,0
0,300,0
3,190,0
4,300,0
4,1020,0
4,270,0
0,420,0
2,600,0
3,470,0
3,155,0
0,335,0
3,250,0
4,150,0
4,187,5
0,40,1
0,125,0
4,404,0
4,145,0
3,315,0
4,210,1
0,450,0
4,90,10
4,190,0
5,590,0
3,70,0
0,140,0
3,270,0
0,476,0
4,60,4
0,675,0
0,150,0
4,240,0
4,190,0
0,240,0
0,170,1
4,210,0
3,65,0
0,50,0
3,355,0
3,175,0
3,522,0
1,595,0
4,480,0
4,450,6
4,315,0
3,175,0
0,240,0
3,245,0
4,480,0
0,185,5
0,90,0
0,185,0
0,285,0
0,195,0
4,420,0
1,601,0
0,165,0
0,185,0
6,495,0
5,271,1
0,210,0
0,240,0
0,90,1
5,275,0
3,215,0
3,220,0
0,80,0
0,110,5
3,255,0
0,270,0
3,260,0
0,120,1
4,210,0
4,201,0
0,243,0
3,220,0
4,1000,0
5,305,0
4,390,0
1,450,0
0,150,0
4,510,4
0,225,0
3,325,0
3,165,0
3,250,0
1,180,0
0,270,0
4,220,0
0,450,0
3,160,0
4,300,0
1,355,0
3,195,0
4,125,10
4,340,0
4,540,0
4,800,0
0,420,0
3,390,0
4,450,0
0,290,0
0,90,0
3,210,0
4,270,0
4,660,0
1,440,5
3,190,0
3,272,0
0,780,0
4,450,16
4,210,4
0,180,0
3,180,0
0,829,0
3,273,0
4,480,5
4,510,0
0,140,0
1,107,0
1,375,0
4,750,1
4,660,0
0,185,0
1,345,0
0,224,0
3,225,0
0,220,0
0,340,0
4,600,0
4,380,0
3,335,0
5,480,0
1,451,6
4,820,0
3,360,0
3,492,0
4,510,0
0,360,0
0,310,0
4,740,0
3,330,0
3,380,0
6,480,0
3,405,0
4,510,0
3,453,0
0,310,0
4,690,0
1,185,0
4,510,0
0,325,0
0,292,0
0,345,0
0,220,0
3,150,0
6,21,5
0,42,0
3,430,0
3,290,0
0,340,0
1,180,0
6,140,0
0,105,0
4,60,4
3,230,0
4,495,16
0,330,0
3,195,0
0,165,0
3,130,0
3,275,0
4,450,0
3,330,0
0,220,0
0,382,0
0,195,0
0,440,0
3,842,0
3,368,0
0,480,0
3,150,0
0,140,0
6,120,16
1,61,16
3,300,0
3,510,0
3,300,0
4,270,0
4,480,0
3,245,0
4,450,4
0,375,0
0,270,0
0,171,0
4,240,0
2,600,0
3,290,0
3,135,0
4,240,0
4,90,1
1,545,0
0,470,0
4,310,0
3,460,0
4,165,0
0,70,1
3,210,0
1,150,0
4,420,0
1,240,0
3,300,0
4,450,0
0,75,0
0,240,0
3,135,0
0,95,1
0,128,0
1,185,0
0,135,0
4,240,4
0,215,0
0,215,0
4,345,1
3,231,0
0,235,0
4,185,0
0,120,0
4,440,0
1,60,11
0,170,0
4,120,10
0,220,0
4,559,0
3,270,0
4,270,0
3,540,5
0,220,0
0,435,0
2,780,0
3,480,0
0,120,0
3,405,0
4,230,0
3,255,0
4,450,0
0,310,0
0,390,0
0,215,0
4,212,0
3,230,0
0,170,0
0,115,1
3,195,0
0,500,0
0,695,0
0,205,0
4,120,1
5,227,0
4,510,0
0,257,0
3,185,0
0,385,0
0,345,0
4,380,0
3,150,0
3,550,0
4,120,0
3,270,0
0,289,0
3,140,0
4,495,0
4,570,0
4,540,0
0,460,0
0,300,0
0,60,0
1,250,0
1,60,11
0,295,0
3,265,0
6,495,0
0,217,0
0,165,0
4,120,1
0,390,0
0,390,0
1,180,0
4,480,0
0,180,0
3,250,0
3,217,0
1,323,0
5,332,0
0,340,0
4,480,0
4,630,0
1,105,0
3,285,0
0,355,0
0,245,0
3,195,0
0,75,0
3,140,0
3,205,0
0,215,0
3,220,0
3,80,1
1,480,0
3,240,0
3,180,0
0,430,0
3,270,0
3,255,0
4,480,5
0,285,0
0,180,0
0,380,0
4,317,0
0,375,0
0,660,0
3,225,0
4,120,1
0,140,0
0,515,0
4,240,0
4,511,0
3,90,1
3,300,0
3,80,5
4,480,0
0,240,0
4,390,0
1,775,0
3,60,2
5,287,0
0,150,0
4,60,1
4,230,0
4,75,16
0,185,16
4,240,1
4,480,0
4,360,0
0,180,0
0,135,0
1,8,16
4,120,0
0,240,0
3,90,1
3,210,0
0,345,0
4,600,16
3,330,0
0,458,0
4,314,0
3,30,1
4,200,0
0,190,0
4,480,0
1,32,5
6,405,0
0,135,0
1,140,0
0,255,0
3,435,0
4,480,4
0,120,0
0,150,0
4,1035,0
0,135,0
0,90,0
3,430,0
4,480,4
0,195,0
1,420,0
3,160,0
0,150,0
4,195,0
4,290,0
3,420,0
0,280,0
0,165,0
0,225,0
4,260,0
4,180,0
3,60,1
0,105,0
0,435,0
3,320,0
4,520,0
0,132,0
5,240,1
0,120,0
0,150,0
3,280,0
1,167,0
4,416,16
0,280,0
3,60,1
4,60,5
4,115,5
0,150,0
4,80,1
3,35,1
3,50,1
6,225,0
0,165,0
4,35,10
3,240,0
6,480,0
1,645,0
4,375,0
0,140,0
4,240,0
3,400,0
0,182,0
0,340,0
0,251,0
3,180,0
4,540,4
1,290,0
0,150,0
0,120,0
0,470,0
4,630,0
0,160,0
3,250,0
0,310,0
6,150,1
0,300,0
0,120,0
0,60,5
4,555,4
3,26,2
0,120,0
4,510,0
1,285,0
4,480,0
4,240,0
3,450,0
0,290,0
0,230,0
0,430,0
3,300,0
4,102,10
4,480,0
4,195,0
0,170,0
4,200,0
0,300,0
4,441,0
4,260,10
0,170,0
0,140,0
6,245,0
3,150,0
3,165,0
0,210,0
3,210,0
4,60,16
1,420,0
4,510,0
0,325,0
0,120,0
3,165,0
0,380,0
0,95,10
0,335,0
4,540,4
0,300,0
0,289,0
4,360,4
1,410,0
0,405,0
3,510,0
0,120,0
4,180,0
0,350,0
0,110,0
3,330,0
3,230,0
4,480,0
0,140,5
0,210,0
0,180,0
4,165,4
3,135,0
0,285,0
0,180,0
0,375,0
6,375,0
0,345,0
4,180,0
3,155,0
4,540,0
3,510,0
1,217,0
3,80,1
0,255,0
3,95,0
4,240,16
0,592,0
4,255,0
3,40,2
1,410,0
0,120,0
0,300,0
3,140,0
4,389,0
0,260,0
1,361,0
3,80,0
0,425,0
2,540,0
0,555,0
3,370,0
3,365,0
1,390,0
4,141,0
0,240,0
0,170,0
4,180,0
1,30,16
0,120,0
3,210,0
0,130,0
4,660,0
3,250,0
4,540,0
4,510,0
0,295,0
3,195,0
3,340,0
4,205,0
4,341,0
3,65,0
0,295,0
0,105,0
3,140,0
3,250,0
3,80,1
4,745,0
0,210,5
4,105,0
3,415,0
1,135,0
0,190,0
0,188,0
3,75,0
3,150,0
0,154,0
0,432,0
4,225,0
3,305,0
0,283,0
6,300,0
4,200,0
0,25,1
3,85,0
0,402,0
3,300,0
4,127,5
0,285,0
1,180,0
0,107,0
4,120,0
0,255,0
3,150,0
1,335,1
4,570,0
0,68,0
4,770,0
4,540,4
3,120,0
3,115,0
4,240,0
3,55,0
3,390,0
0,250,0
0,480,0
3,315,0
0,180,0
0,270,0
0,200,0
6,300,0
0,450,0
3,300,0
3,60,1
0,307,0
4,332,0
6,173,0
0,390,0
0,220,0
3,195,0
4,540,0
0,10,16
4,60,4
4,120,1
4,540,0
5,321,0
0,270,0
4,505,0
3,315,0
0,727,0
0,440,0
4,420,0
6,270,0
0,220,0
3,255,0
0,232,0
3,150,0
0,268,0
0,180,0
6,80,6
4,180,10
3,220,0
3,188,6
0,360,0
0,211,0
0,170,0
3,195,0
2,390,0
1,60,16
0,330,0
3,135,0
0,122,0
0,115,0
4,180,0
0,175,0
0,205,0
3,72,1
0,210,0
4,225,4
1,210,0
3,175,0
0,255,0
1,420,0
5,180,0
0,460,0
3,205,0
4,270,0
3,240,0
0,232,0
1,105,0
3,290,0
0,242,0
4,120,0
4,120,5
5,262,0
3,205,6
0,140,0
3,35,1
5,153,0
0,60,0
4,480,1
0,220,0
5,269,0
4,303,0
4,540,0
0,185,0
0,210,0
2,285,0
0,120,10
3,315,0
4,570,4
3,105,0
4,485,0
3,321,0
0,60,0
0,270,0
3,280,0
3,180,0
0,345,0
4,60,5
3,495,0
0,192,0
3,310,0
0,424,0
0,153,0
4,342,0
3,140,0
0,160,0
0,117,1
3,340,0
0,645,0
4,670,0
6,480,0
3,220,0
0,435,0
3,335,0
0,420,0
4,180,0
3,113,0
0,165,0
4,480,4
0,170,0
6,100,0
4,120,0
0,120,0
0,365,0
1,487,0
1,210,0
0,34,1
0,270,0
4,343,0
4,320,0
0,325,0
4,435,0
3,240,0
0,65,0
6,870,0
3,180,0
0,70,0
0,500,0
3,315,0
3,280,0
0,180,0
4,450,0
0,205,0
0,340,0
3,275,0
1,120,0
0,315,0
4,60,10
3,680,0
3,190,0
4,1050,0
0,475,0
0,135,0
1,210,0
4,330,0
0,385,0
5,35,16
0,485,0
0,140,0
3,565,0
3,350,0
3,600,5
1,820,16
1,435,1
4,350,1
4,480,2
3,530,10
5,491,5
3,625,5
0,475,1
0,420,5
5,182,5
0,674,5
4,465,1
6,570,16
0,190,16
0,205,14
2,425,1
4,405,16
0,408,6
3,160,10
1,495,2
3,630,16
0,435,5
0,180,5
3,210,10
0,194,1
4,665,5
4,120,2
3,155,1
0,330,1
5,282,2
4,810,10
4,620,6
5,491,5
3,75,2
1,715,1
3,171,1
2,685,1
0,200,1
4,360,5
0,120,2
0,295,5
3,165,1
4,415,2
0,550,1
0,600,1
0,300,6
3,504,5
3,325,1
0,355,5
0,240,5
4,360,5
3,285,1
4,450,2
3,540,16
1,300,6
4,330,1
4,300,16
4,420,16
3,206,1
6,360,1
2,960,1
0,560,10
4,780,1
2,480,1
0,315,5
4,720,1
4,420,1
4,420,16
3,165,16
0,475,14
0,285,1
4,360,1
4,115,5
4,480,1
3,315,1
4,360,10
4,510,2
1,126,16
0,330,1
3,205,2
4,720,5
4,760,2
0,1021,6
0,160,5
1,360,1
3,810,2
3,275,2
0,611,2
4,395,2
0,210,1
0,317,2
4,780,1
5,360,6
3,480,10
0,540,10
5,399,1
0,210,1
0,215,5
6,290,13
0,525,1
3,575,1
3,865,10
1,465,5
0,420,15
0,458,5
6,320,6
0,360,5
0,285,2
4,200,16
0,315,5
0,720,1
0,250,1
0,857,5
0,163,1
4,377,10
4,305,1
4,600,2
4,930,1
0,380,1
0,265,5
0,90,1
3,495,4
3,220,2
1,440,1
0,255,5
4,810,10
3,870,1
4,340,2
0,375,5
0,483,10
3,530,4
3,150,1
3,145,11
4,780,10
3,440,5
0,840,5
3,235,16
2,735,1
0,355,2
4,300,1
4,630,1
2,645,10
2,705,5
0,480,5
4,570,5
3,495,0
0,241,1
4,480,2
2,495,2
3,525,5
3,400,1
0,745,4
4,420,2
0,500,1
0,475,1
0,230,1
0,517,1
4,490,1
4,825,5
0,713,5
3,585,1
4,525,5
1,325,1
3,390,1
1,285,5
0,160,2
4,135,5
0,440,2
2,240,16
4,930,1
3,440,2
5,420,6
4,271,1
4,465,12
0,180,15
4,270,1
3,180,16
4,600,2
0,625,4
4,420,2
0,165,1
4,210,2
4,510,10
0,330,1
4,565,1
1,150,2
0,330,2
3,460,1
4,331,5
1,320,6
1,395,16
4,270,5
3,540,2
4,1025,16
0,428,2
3,520,1
4,240,1
4,150,1
3,150,5
0,98,8
4,555,1
2,525,14
0,580,1
4,810,5
0,327,1
0,634,1
3,210,1
5,445,5
0,235,1
2,410,5
0,740,5
1,377,1
4,360,6
4,793,6
3,250,10
0,745,16
0,360,2
3,256,4
0,120,16
0,327,6
2,120,2
4,905,11
3,510,5
0,364,1
0,391,10
4,480,2
3,210,2
1,280,16
0,429,1
3,180,1
0,345,1
3,540,5
4,540,16
6,267,1
0,243,2
1,250,5
4,150,1
4,150,5
4,155,5
1,313,15
0,310,6
4,750,1
3,300,1
3,420,5
1,360,1
2,390,1
3,250,1
4,330,5
3,165,1
3,445,1
4,795,16
4,245,5
3,345,0
4,360,1
0,155,1
0,560,5
4,620,1
0,325,1
4,660,1
1,231,1
4,479,1
0,800,5
3,180,2
4,765,1
0,410,5
3,515,1
1,370,1
0,780,5
3,430,1
0,240,10
0,275,5
3,345,2
4,345,5
4,757,1
4,210,16
0,645,2
4,600,2
3,510,2
4,825,6
1,820,2
4,360,2
0,339,1
4,210,5
0,600,1
0,261,1
0,192,2
4,630,5
6,510,5
0,600,10
0,570,1
0,285,5
3,390,1
0,506,1
3,510,1
0,700,1
0,634,15
0,340,1
4,430,1
4,540,1
0,345,1
3,135,1
4,415,15
3,195,0
3,475,6
0,285,1
4,720,12
4,480,5
4,900,6
1,150,5
4,450,15
3,435,1
0,240,1
6,570,5
3,181,1
0,224,2
4,385,1
4,465,1
3,510,1
3,650,10
0,150,11
4,480,5
3,275,1
0,470,5
3,255,1
4,210,2
4,220,2
0,70,5
4,300,6
0,305,1
6,140,16
0,230,5
3,575,11
4,840,2
0,905,5
4,310,2
4,780,2
6,545,2
0,195,1
4,300,2
3,505,10
1,955,5
4,660,10
4,660,6
3,390,5
3,260,2
0,360,1
6,455,1
3,675,1
0,245,1
0,210,16
4,480,1
1,570,5
0,555,16
4,210,2
2,495,1
0,345,1
0,120,1
0,490,1
1,450,10
3,440,1
0,810,6
0,310,1
3,165,5
0,178,1
3,240,1
0,70,5
0,180,1
3,540,4
3,245,4
1,685,10
3,380,1
3,185,5
4,260,1
0,90,8
0,130,10
1,295,1
5,335,10
4,360,5
0,355,2
1,480,2
1,235,2
1,795,16
1,280,16
3,485,1
0,110,11
0,411,1
2,205,1
3,210,11
1,495,2
3,501,2
4,660,1
3,270,1
4,670,16
4,1050,1
3,160,1
5,120,7
3,520,2
0,440,1
6,279,1
4,540,11
0,170,2
4,160,5
0,216,1
3,310,10
0,475,5
6,540,1
4,560,10
3,175,1
0,277,10
0,190,10
4,840,5
3,345,5
4,165,1
1,470,5
3,150,5
4,490,1
4,510,16
4,423,16
4,160,1
4,240,15
3,220,1
0,325,1
0,241,1
3,430,4
0,525,5
4,595,1
4,352,2
0,110,10
0,120,10
1,430,1
0,130,5
0,180,2
0,60,2
3,320,12
3,183,1
1,210,16
5,516,16
0,307,6
3,766,1
3,480,5
4,215,5
0,90,1
3,255,10
4,300,4
4,510,1
4,240,6
4,540,1
3,85,2
0,330,1
4,210,5
3,570,2
3,195,1
4,720,1
1,592,5
5,390,1
3,165,1
4,545,5
5,337,16
4,590,1
3,660,16
2,420,1
6,80,12
4,180,10
4,185,1
0,200,6
3,495,2
4,240,2
0,195,1
0,250,1
4,460,2
4,510,1
1,700,16
0,497,1
0,90,1
0,490,1
3,270,5
0,222,1
2,485,10
4,360,5
3,450,1
3,340,5
4,540,1
1,141,5
0,310,1
4,210,1
1,265,1
0,236,1
3,270,5
4,225,5
0,240,1
3,435,1
3,530,5
4,450,1
4,195,5
2,350,2
0,160,1
4,480,16
3,160,1
1,480,1
3,589,2
6,300,5
3,400,2
4,360,10
4,481,1
1,355,11
0,195,1
4,165,1
3,495,5
3,115,1
0,340,1
3,515,16
4,600,16
3,360,1
4,630,10
0,695,16
0,360,2
0,166,1
5,410,5
4,450,1
3,370,1
3,270,1
4,720,1
1,435,12
4,350,1
0,227,10
0,155,1
3,565,16
0,240,1
3,265,1
4,270,1
0,113,5
3,260,4
4,900,1
0,230,1
0,310,10
4,170,1
3,140,1
6,355,1
4,445,16
4,360,1
6,645,16
4,755,5
4,450,2
0,390,1
1,450,1
0,595,3
0,346,5
3,560,1
4,480,2
0,395,1
3,270,1
0,185,1
3,180,1
6,185,10
3,130,5
4,240,2
6,240,16
3,684,5
3,555,16
1,375,1
0,160,1
0,330,5
4,420,2
3,210,1
2,330,10
3,330,5
1,270,1
4,465,2
4,480,2
0,385,1
0,880,2
0,166,2
0,780,5
3,825,10
4,890,10
4,330,0
0,150,5
0,480,1
0,140,16
4,300,1
1,195,1
0,90,2
0,160,1
4,330,5
4,460,15
0,275,10
0,330,1
4,330,5
4,362,6
3,216,10
4,210,5
4,480,10
0,345,1
3,157,10
3,275,2
0,220,1
4,780,6
0,250,1
0,270,10
0,210,5
5,480,11
0,615,1
3,580,1
4,450,5
0,305,5
3,810,2
0,660,14
0,210,1
4,645,5
3,275,10
0,415,5
0,105,2
4,450,2
2,355,1
4,660,1
4,780,5
4,520,5
3,495,5
4,480,1
4,690,12
1,515,2
0,155,2
1,325,16
0,360,5
4,705,12
3,500,1
4,660,1
0,240,2
0,165,14
0,133,1
0,140,16
0,815,5
5,281,1
0,212,1
3,540,10
4,480,2
6,793,5
4,605,5
1,463,5
0,200,1
0,411,6
4,480,5
0,270,5
0,205,1
4,390,1
4,510,2
0,400,12
0,680,16
3,165,2
0,215,1
4,945,2
0,315,0
6,576,1
2,450,6
3,755,2
0,315,6
0,315,1
5,505,1
0,120,11
1,360,1
4,150,2
4,410,1
0,210,5
3,298,2
4,780,1
2,540,1
4,115,5
3,417,1
0,240,1
2,661,1
0,510,5
4,525,4
4,480,11
0,180,2
3,270,1
0,645,1
0,722,9
3,465,1
0,220,2
1,480,10
5,420,6
0,290,5
4,480,16
0,220,1
2,480,16
0,750,5
4,802,5
0,360,1
0,300,1
4,1220,6
4,480,0
1,440,1
0,690,7
4,120,1
3,522,0
5,292,1
0,297,1
0,420,10
3,550,1
0,70,5
3,220,1
3,240,2
1,330,2
1,210,0
3,660,2
3,610,2
4,480,2
2,610,5
0,385,10
4,465,5
6,1100,5
3,300,5
4,320,2
4,310,2
1,485,5
3,90,10
4,480,10
4,465,6
0,262,1
4,1140,10
4,616,5
4,165,1
3,562,15
0,145,2
4,210,1
4,120,16
0,255,1
3,658,1
4,625,1
0,675,1
0,145,1
5,270,5
3,210,1
3,145,16
4,420,1
3,510,2
1,173,1
4,210,12
0,240,1
0,150,1
3,182,5
4,765,1
0,490,1
3,320,16
4,35,5
4,630,6
0,375,1
1,420,2
3,505,5
4,470,2
3,75,1
3,905,5
4,630,2
0,200,2
3,510,1
0,360,2
3,193,1
1,260,6
4,480,1
0,210,1
0,208,5
3,338,5
3,140,2
0,795,2
0,1060,5
3,505,6
4,300,5
0,325,11
0,412,10
4,735,1
0,260,7
3,660,5
3,440,1
0,382,2
4,665,2
4,480,2
4,900,10
0,870,4
0,440,16
3,495,16
1,845,6
4,780,6
3,500,2
1,485,6
3,550,1
4,690,1
3,510,5
0,397,5
3,600,4
4,465,4
0,370,5
3,215,0
6,480,16
4,120,1
4,465,10
0,1085,16
3,531,4
4,810,4
0,395,4
0,705,5
4,555,2
4,387,15
0,810,9
1,321,6
1,800,2
0,166,10
0,181,2
1,365,6
0,300,16
0,630,16
0,495,16
4,135,5
0,870,10
0,455,16
0,410,1
3,165,1
4,450,16
4,480,5
3,540,10
4,634,16
4,870,5
4,480,16
4,1170,16
4,690,4
1,513,1
0,345,6
4,360,16
4,480,1
0,367,2
6,510,6
0,350,5
0,525,4
3,435,4
0,225,16
0,365,16
4,1092,16
4,600,16
0,795,11
1,500,16
0,810,16
0,860,4
3,535,15
0,735,16
0,470,16
3,445,10
0,290,5
3,985,1
4,650,7
4,480,2
0,372,5
0,490,16
4,730,16
0,350,2
3,370,16
3,555,5
4,360,6
6,330,10
0,785,6
0,780,5
1,220,1
0,407,5
3,670,5
4,300,5
0,188,5
0,415,1
3,215,5
3,315,1
0,240,16
5,320,1
3,840,16
0,230,5
0,234,5
4,495,5
4,350,4
3,545,5
4,775,8
3,225,2
3,220,10
0,315,1
4,540,4
1,550,16
0,530,16
4,735,16
4,870,2
0,470,16
4,570,16
4,480,1
0,335,16
1,389,16
4,341,5
0,240,10
1,361,10
3,900,16
3,500,5
3,875,16
4,295,1
4,630,11
0,675,5
3,260,5
3,640,10
1,655,16
0,975,16
4,1140,16
0,870,2
4,720,4
0,457,5
3,510,2
0,870,16
2,381,16
0,345,10
4,390,14
0,553,2
0,231,2
4,270,1
0,810,4
4,815,16
4,1020,2
0,900,16
0,240,2
0,740,16
6,480,16
3,400,1
0,635,6
0,655,3
0,810,1
0,575,1
0,670,1
0,370,5
1,402,15
1,795,5
0,496,3
0,475,5
0,545,1
0,410,16
5,750,5
0,405,6
6,480,10
4,660,12
3,555,2
4,390,5
4,630,5
0,540,16
0,828,16
4,737,16
0,236,16
2,700,10
4,480,1
2,415,2
2,675,1
1,405,15
0,302,14
1,445,16
4,510,16
0,990,16
0,450,1
6,300,11
3,466,4
4,480,5
0,345,16
0,195,2
0,650,1
0,290,5
3,650,16
4,800,16
0,625,16
4,360,5
3,570,16
0,201,11
5,486,16
4,495,5
4,390,16
0,280,1
4,660,16
1,1075,5
3,510,5
4,750,15
3,285,2
0,255,10
0,530,2
3,630,2
6,420,2
4,722,10
4,350,2
0,540,7
4,240,16
1,745,16
3,440,6
1,437,4
0,855,5
0,300,2
5,870,3
1,540,1
2,480,2
6,420,2
3,150,10
0,135,0
1,360,16
0,240,3
4,680,6
1,455,14
0,230,5
4,420,16
3,300,15
0,195,1
4,630,4
0,660,5
4,270,2
4,360,5
0,810,1
0,600,4
4,450,5
3,280,16
5,300,1
0,175,16
0,225,10
1,210,2
0,345,16
3,330,0
6,840,16
0,438,16
4,390,2
3,420,16
4,290,16
0,780,10
0,310,6
4,600,16
3,945,4
5,452,5
3,266,16
4,600,10
5,411,5
0,795,16
0,235,16
3,490,16
1,862,3
1,490,16
0,190,1
0,785,16
1,415,1
0,330,16
0,525,5
4,600,3
0,610,10
4,409,16
4,852,10
0,465,2
4,450,10
3,300,10
4,745,5
0,765,16
0,310,10
4,530,10
0,850,16
6,840,4
4,450,1
3,380,10
3,315,10
4,690,16
5,383,15
4,275,16
0,645,16
4,1085,12
4,640,0
1,578,10
0,165,10
4,720,10
4,330,2
4,480,5
4,540,16
4,525,5
4,600,10
0,290,5
4,845,10
4,780,10
3,690,1
3,355,5
4,594,6
0,440,10
3,570,15
6,480,5
4,185,2
0,431,11
0,200,6
0,580,16
0,910,1
3,464,16
4,465,5
1,275,11
1,700,10
0,217,2
4,240,5
0,600,5
4,255,1
3,510,4
4,480,16
4,360,10
1,250,1
0,233,10
3,75,1
3,315,5
4,330,2
4,180,2
5,455,1
0,600,2
3,930,10
3,930,16
0,312,1
3,915,16
1,825,6
0,330,1
0,360,10
0,515,4
0,970,1
0,680,4
1,775,5
0,413,16
4,300,5
3,380,10
4,480,16
3,499,16
4,730,6
0,870,2
3,212,4
3,510,16
0,675,15
0,450,1
4,904,4
0,235,10
0,165,2
4,445,16
3,570,5
2,491,16
4,420,10
0,255,15
4,1125,16
6,585,16
0,210,2
3,480,5
0,505,0
4,830,4
0,260,10
0,145,1
5,262,16
0,300,2
0,450,4
4,360,2
5,277,5
4,270,5
0,375,16
0,210,2
3,579,1
6,660,10
4,390,1
4,503,16
0,650,10
0,270,11
3,840,8
0,525,11
4,135,1
1,473,16
3,860,10
4,255,16
0,105,5
0,263,1
4,540,4
0,570,5
0,661,5
1,450,2
0,680,4
0,1380,16
0,538,5
0,525,0
4,795,4
1,530,16
5,721,10
3,290,5
3,600,10
4,267,1
0,176,10
2,420,10
0,320,15
1,620,2
0,180,5
1,555,5
0,621,4
4,420,16
3,450,16
1,210,16
4,720,4
3,892,10
3,485,10
6,421,2
0,790,10
0,510,5
0,430,0
4,480,5
0,770,5
1,437,16
4,270,16
4,540,2
3,690,16
0,630,16
0,387,4
3,130,1
3,160,1
3,170,10
4,255,0
0,735,16
4,120,16
4,510,1
0,355,16
3,220,11
1,383,5
0,835,4
4,633,10
4,338,5
0,540,2
6,477,16
2,550,5
0,285,16
0,595,16
5,335,16
3,600,5
4,635,5
0,600,11
1,240,5
0,880,16
0,830,6
1,515,2
4,460,5
4,420,9
0,415,5
1,740,1
0,445,16
0,150,1
4,425,5
0,240,2
3,210,16
0,425,16
4,510,10
4,765,4
2,465,16
4,333,5
3,480,10
6,495,16
3,540,16
0,840,11
0,155,1
4,750,4
1,500,16
4,435,10
1,307,16
4,780,16
4,810,3
0,390,10
0,481,10
4,360,2
5,590,16
4,300,1
1,335,13
0,240,16
0,270,5
0,350,1
0,240,10
0,165,1
0,545,10
3,540,4
3,375,10
0,375,5
0,483,16
4,1035,0
5,380,16
0,509,16
0,450,16
3,493,16
0,580,5
3,200,10
0,180,5
4,765,4
4,120,5
2,525,2
4,525,4
3,612,4
4,480,5
0,680,5
3,395,2
1,735,4
3,370,16
3,170,10
0,420,1
3,600,10
4,990,2
4,355,5
0,730,5
0,468,16
4,840,16
0,180,6
4,330,5
2,610,4
4,360,16
4,480,16
3,360,10
1,120,2
0,330,2
3,920,16
5,303,16
1,180,10
0,463,11
3,390,16
3,460,10
0,870,16
0,412,6
3,375,10
0,780,1
1,465,16
1,460,16
1,365,16
6,685,16
1,425,10
0,647,2
3,540,4
4,720,5
5,455,16
0,221,6
0,205,2
3,222,12
0,255,2
0,270,1
4,1200,16
0,270,5
0,360,5
0,772,16
4,440,16
4,480,16
4,510,2
0,438,10
4,585,3
0,210,10
4,990,5
0,485,0
0,335,16
0,551,16
1,475,16
3,895,4
3,210,5
3,800,10
1,880,2
3,900,4
0,510,1
3,510,2
4,456,8
6,480,10
4,330,1
3,165,2
0,335,4
0,472,16
3,310,5
6,479,2
0,360,10
3,366,16
4,254,2
0,240,10
3,535,16
4,600,6
4,960,16
0,380,1
4,540,16
1,840,5
1,285,5
6,450,0
4,450,14
4,360,2
4,720,5
4,765,0
3,485,10
1,370,6
0,865,4
1,680,0
0,220,16
0,250,2
4,355,2
3,480,6
4,170,1
0,465,16
0,515,16
1,770,16
3,820,2
0,547,1
4,621,16
1,525,16
0,760,16
4,1005,5
0,520,6
1,190,16
4,462,5
0,360,8
2,480,10
0,580,16
0,665,6
4,825,1
4,660,16
4,300,10
3,182,5
4,240,5
4,1110,16
0,350,16
0,295,16
1,461,16
6,855,5
3,525,4
5,660,15
5,480,10
3,495,5
3,500,13
4,330,4
1,489,5
3,510,1
1,365,16
4,684,16
3,535,16
3,520,4
4,1110,4
3,320,2
4,895,0
5,698,15
0,270,1
6,220,16
1,1030,16
3,335,2
0,605,5
4,990,5
4,480,5
0,795,5
1,355,16
3,330,6
3,540,16
4,210,16
0,370,16
3,170,10
3,270,5
3,450,16
4,240,10
0,300,1
0,792,2
0,600,16
3,570,2
0,455,16
0,210,5
2,600,16
1,690,2
0,605,16
3,529,0
3,540,10
0,535,4
4,255,16
0,470,5
5,660,11
4,885,16
4,655,5
3,300,0
0,345,10
3,555,6
3,240,2
3,505,11
4,510,2
3,855,10
3,510,10
0,345,5
3,500,1
5,504,16
0,390,16
4,390,16
0,540,1
0,480,16
4,373,16
3,440,6
4,840,16
5,77,1
0,276,15
3,220,11
4,900,5
0,225,16
0,285,6
3,505,4
4,705,10
6,495,16
3,500,2
4,1110,4
0,328,10
3,435,4
0,490,16
4,240,2
3,520,16
0,630,6
3,540,4
3,395,16
0,675,6
0,330,1
0,185,10
4,600,10
3,165,16
0,150,4
4,455,2
3,310,16
0,880,5
0,730,10
0,520,16
0,330,1
2,1095,10
4,680,2
1,515,16
6,435,16
0,275,10
0,150,4
0,450,6
3,450,10
4,660,4
3,220,16
3,255,5
4,270,16
3,810,16
1,515,10
0,335,11
0,160,10
4,495,10
0,790,2
3,480,10
0,715,5
0,900,5
3,210,5
4,690,2
0,275,2
0,850,16
0,510,16
1,527,16
0,440,2
3,216,5
4,305,6
4,502,2
0,172,1
1,870,6
0,275,1
3,1070,6
0,410,1
4,480,1
5,465,16
3,810,16
4,525,16
1,395,5
3,750,5
3,495,4
0,953,16
3,880,16
4,450,9
0,450,16
2,700,4
4,935,10
0,880,16
0,307,1
0,587,16
0,810,16
4,600,16
0,500,16
2,658,2
0,270,16
3,725,15
2,560,14
4,465,16
4,750,16
0,470,16
0,235,10
0,180,16
4,720,2
0,486,16
0,282,1
4,810,16
0,827,10
5,887,1
4,975,2
0,840,10
0,430,16
4,720,10
3,830,16
1,240,6
0,420,16
3,345,7
0,835,16
4,780,4
5,525,7
5,205,10
0,825,16
0,200,2
3,915,3
4,720,16
4,385,16
4,610,4
1,630,6
0,490,2
4,810,5
3,645,4
3,920,16
4,840,4
3,520,5
0,695,2
0,520,4
4,415,1
0,415,6
3,498,16
3,390,16
0,536,5
0,212,1
3,660,5
6,555,4
4,865,1
4,570,16
4,645,6
6,555,5
5,660,5
3,1030,10
4,630,3
4,825,5
3,900,16
4,584,16
4,810,6
5,310,6
4,1200,16
0,660,16
1,540,10
1,400,2
3,510,4
0,740,4
4,480,5
0,535,4
3,370,16
4,471,3
1,345,5
0,345,2
4,840,16
4,870,10
0,226,16
0,990,4
4,825,16
2,470,1
1,510,10
4,360,5
4,480,5
4,420,5
4,1050,11
5,316,6
4,270,16
3,510,2
0,405,10
4,620,2
0,855,16
2,700,3
4,510,1
1,385,16
0,600,4
3,600,10
5,790,4
0,880,10
4,495,6
3,510,5
0,630,15
4,870,16
0,397,10
0,412,16
4,1185,10
0,900,4
3,300,10
0,675,10
4,802,16
4,330,1
0,515,5
0,360,10
0,687,2
0,690,8
1,360,8
1,320,1
0,580,16
3,890,10
4,545,3
3,350,5
3,400,4
1,810,4
5,645,16
3,240,15
6,1125,16
0,840,8
4,525,16
1,575,8
2,510,6
4,550,5
5,728,16
4,720,10
5,720,16
3,1050,3
0,595,10
4,1080,16
5,671,10
3,1090,16
0,870,4
1,420,16
3,405,5
0,804,10
4,592,16
3,600,1
1,550,10
4,720,2
1,425,1
2,465,1
3,520,13
3,676,16
0,665,16
0,420,10
0,750,1
4,900,0
4,720,4
1,770,3
0,380,8
3,505,5
0,420,3
0,840,6
4,480,16
1,330,5
4,885,8
0,600,5
4,1020,10
4,780,2
1,585,9
0,190,5
0,480,2
2,620,16
4,360,4
4,210,5
3,755,16
4,315,10
0,690,5
1,460,4
0,803,4
0,270,16
4,960,1
3,465,10
4,660,4
1,215,1
3,510,7
3,560,16
2,1275,6
1,315,16
1,780,5
4,960,2
1,780,2
1,425,10
3,285,5
1,195,8
0,680,1
4,567,3
6,780,1
3,540,16
0,790,5
3,900,4
0,356,5
3,561,16
3,570,5
4,895,5
0,750,8
4,475,5
0,461,16
1,932,16
0,585,16
3,495,15
0,385,1
4,240,1
0,375,8
3,260,2
4,735,4
0,480,1
3,513,2
4,240,2
3,465,6
4,450,16
3,300,6
3,644,10
1,527,10
3,735,1
2,780,2
0,700,16
4,945,6
4,787,16
0,475,16
0,405,10
4,300,10
0,310,5
0,220,10
2,630,8
4,510,1
4,1023,6
2,390,2
0,447,10
0,690,3
0,380,10
1,835,1
1,360,16
0,610,4
0,1080,2
0,355,6
0,450,2
0,455,10
1,325,1
1,643,16
0,828,10
0,465,10
4,990,4
4,660,10
3,880,16
0,494,8
3,195,2
4,870,4
4,435,6
3,540,16
0,620,10
1,635,16
0,460,11
0,1025,5
3,510,5
0,445,4
3,920,4
4,750,5
0,843,16
1,700,5
4,930,6
4,1110,2
4,420,2
0,320,16
4,690,5
1,647,16
0,487,6
5,350,4
4,900,4
3,685,1
4,510,1
0,775,5
0,485,5
0,580,14
0,530,2
1,644,4
0,900,16
4,825,5
5,435,0
0,603,5
4,510,16
0,240,5
3,566,16
4,480,5
4,660,6
4,550,2
3,810,4
4,705,10
0,470,16
0,295,1
0,740,16
2,520,1
3,410,4
0,503,7
0,745,10
4,750,10
0,1060,2
0,868,10
0,265,10
4,690,2
0,285,6
3,500,4
0,440,16
4,315,16
4,300,5
0,316,4
0,340,14
1,280,12
1,480,16
0,159,16
1,705,16
0,940,4
0,930,5
0,885,1
5,343,16
1,537,10
4,1020,16
1,730,1
0,785,2
4,780,2
0,325,2
0,555,1
3,482,1
0,512,12
3,885,4
3,306,6
0,225,16
4,585,4
4,660,5
0,951,5
1,335,16
4,540,2
4,210,1
6,525,4
3,485,5
0,780,4
0,444,16
6,300,1
4,450,5
0,590,7
4,360,16
4,810,16
1,546,1
0,840,16
3,150,6
0,296,7
0,720,10
3,480,2
0,370,10
0,285,10
3,280,1
6,513,8
4,250,1
4,795,2
5,692,16
0,482,16
1,517,8
4,975,5
3,300,6
0,865,16
4,480,5
0,270,6
3,555,1
0,678,4
5,154,5
0,270,3
1,267,2
3,605,2
0,779,16
4,885,10
1,700,16
0,465,5
4,725,16
6,680,2
1,546,5
0,825,2
0,555,8
0,750,16
4,303,12
4,800,5
3,300,5
1,455,2
0,630,16
4,210,6
4,1036,5
4,615,4
0,810,10
4,895,1
4,660,5
0,416,16
2,500,16
1,840,5
4,600,16
4,690,4
0,515,16
1,465,7
0,270,4
3,510,10
3,790,6
0,440,8
3,280,8
0,545,5
1,700,5
3,810,1
1,425,16
4,180,2
4,180,1
4,795,4
3,250,4
4,690,15
4,480,4
0,221,2
0,620,3
1,552,16
0,385,16
3,885,16
0,275,16
1,835,13
6,800,16
4,310,10
4,840,6
0,342,7
0,610,4
0,380,16
0,650,10
4,660,5
4,1170,4
1,942,16
6,635,7
0,780,10
0,555,16
0,750,5
4,660,1
4,180,5
1,830,16
0,195,6
2,420,10
0,561,16
0,1070,8
1,465,5
3,540,1
0,780,10
0,270,16
3,480,3
3,360,10
0,510,13
4,675,4
4,960,1
1,585,5
4,360,16
3,755,2
0,210,5
0,535,8
6,340,8
0,800,1
3,870,10
3,480,1
4,540,2
3,300,2
6,405,16
3,310,6
0,334,5
4,605,5
4,480,1
4,540,5
5,191,10
4,982,8
5,692,4
0,258,5
4,780,10
0,880,16
3,484,1
4,750,1
0,805,16
0,230,6
3,521,8
0,530,16
3,582,5
4,780,15
6,1120,8
0,452,10
4,495,10
3,641,1
4,480,10
0,780,2
3,150,2
4,885,2
0,527,1
0,400,2
4,1080,2
4,810,10
4,540,0
0,759,16
4,180,2
3,510,16
4,810,4
4,780,14
3,480,1
0,484,5
6,890,6
4,615,16
3,620,2
4,960,5
0,480,1
5,504,2
4,510,5
0,160,5
4,582,5
4,780,6
3,550,16
0,440,0
0,420,13
4,840,16
6,475,1
0,420,4
4,1080,16
3,875,16
0,500,8
0,465,11
0,375,11
0,495,8
3,670,5
2,685,2
0,751,2
0,458,8
3,270,16
4,900,2
4,690,10
4,210,1
0,310,2
4,840,4
3,510,1
0,390,1
0,605,10
4,285,5
0,1230,4
4,440,1
0,563,2
1,775,4
3,480,11
3,540,4
3,570,0
1,510,1
0,705,10
0,530,16
1,229,6
5,562,2
4,345,11
4,930,4
4,1080,16
4,917,10
0,300,2
4,840,4
0,900,15
4,907,10
6,540,16
4,720,5
1,515,16
0,500,12
0,235,8
3,345,16
0,180,16
1,506,6
1,520,10
0,490,5
0,257,10
0,336,16
3,380,5
2,650,4
3,690,16
4,290,1
0,990,1
4,540,2
0,543,8
0,895,1
0,405,16
3,515,6
5,661,4
0,480,1
0,496,7
0,830,16
0,785,10
3,375,5
3,870,16
4,270,1
0,604,4
3,400,10
4,570,5
4,535,10
0,795,5
4,840,4
4,758,10
0,660,4
0,880,4
4,780,4
0,1130,6
4,535,5
3,480,6
4,480,16
3,504,1
4,930,4
1,585,2
5,700,16
1,840,4
3,690,10
0,385,1
4,889,16
6,480,9
4,300,7
0,595,11
0,890,2
4,870,5
3,555,16
4,540,4
4,660,5
0,510,1
4,780,16
0,368,2
3,685,4
2,570,4
1,435,1
1,295,2
4,805,16
0,360,2
4,580,16
4,750,3
6,420,6
4,360,16
0,370,2
1,300,5
3,510,2
5,985,16
4,780,3
0,399,10
0,580,1
4,720,6
1,760,1
4,780,3
4,1140,6
0,532,2
0,570,2
2,600,4
3,540,2
0,670,1
0,895,4
0,913,16
3,300,10
2,678,11
0,540,5
4,450,1
4,360,5
4,570,16
0,560,1
0,525,4
0,875,16
5,570,0
1,650,0
4,558,7
4,511,2
0,511,10
4,580,4
0,403,4
0,907,4
0,165,1
4,1080,4
3,535,7
0,477,7
0,464,5
0,855,4
4,480,2
4,450,4
0,435,3
0,330,2
3,920,10
1,350,5
0,670,2
0,570,2
0,900,3
0,520,12
6,603,5
4,630,16
4,745,10
3,525,8
0,251,4
5,775,5
4,990,2
4,660,1
4,775,5
5,520,5
3,210,5
0,940,4
0,180,2
0,243,10
4,195,16
1,846,16
4,780,4
0,390,6
3,770,16
6,570,12
0,1184,3
0,450,6
3,276,7
0,172,5
0,420,2
3,180,2
4,870,16
0,755,16
0,685,16
4,480,16
1,242,4
4,308,1
4,600,10
3,325,2
4,840,5
0,517,16
6,360,1
3,525,15
4,630,8
4,800,10
0,135,5
2,750,10
0,722,5
3,423,2
1,360,10
1,605,11
3,545,5
3,510,15
0,360,8
4,265,1
1,315,16
4,660,16
1,650,16
4,840,10
3,525,5
4,825,8
0,545,4
0,760,8
0,500,4
0,400,16
4,973,10
4,510,2
4,1070,5
1,894,8
1,530,16
4,540,5
0,945,5
1,920,8
3,345,10
0,788,2
5,507,5
0,661,16
3,290,7
0,581,6
0,760,13
1,555,10
4,540,5
4,1230,13
3,190,10
3,723,10
4,575,5
1,300,5
3,950,8
5,871,16
0,890,16
0,1020,5
3,900,5
1,435,4
4,840,5
1,960,16
4,480,5
3,300,16
4,720,8
0,360,16
4,870,1
0,859,10
3,570,2
0,604,16
6,270,5
4,842,8
3,480,1
4,1055,5
1,405,4
0,220,16
0,547,2
1,530,5
3,825,2
2,700,16
3,870,16
4,660,10
3,540,16
1,456,1
0,735,6
4,450,4
4,540,2
4,240,15
0,700,10
3,465,11
4,680,2
3,990,10
3,620,12
4,750,12
3,778,10
4,1080,16
5,845,10
0,937,5
4,780,16
3,860,16
0,600,4
3,825,4
3,790,2
0,415,10
0,495,2
4,515,16
3,825,2
4,600,2
4,900,2
0,390,8
0,717,10
5,435,16
6,390,12
3,868,4
3,920,15
3,922,10
1,565,9
4,1080,10
0,830,8
0,435,10
4,600,5
3,385,10
3,510,10
3,450,7
0,525,16
4,600,5
3,287,4
5,767,5
1,440,1
0,705,16
3,525,2
0,890,10
3,615,5
4,720,5
0,880,2
3,882,5
0,550,16
0,690,2
4,700,10
3,415,16
1,690,16
4,480,16
3,490,8
4,681,5
4,1120,16
0,330,2
1,790,4
3,815,5
0,485,5
3,525,2
6,405,16
3,690,16
4,810,16
3,1040,10
0,410,16
0,327,16
4,905,5
1,505,16
3,795,4
3,885,10
4,990,15
0,390,2
4,405,2
0,845,16
4,777,7
0,278,16
4,1170,5
1,870,16
0,542,4
4,1005,3
0,585,16
0,516,16
4,780,4
1,787,9
3,600,5
5,1125,0
0,1140,8
3,924,16
4,870,11
0,588,2
3,873,4
4,720,16
1,720,5
5,523,5
4,870,10
4,720,2
3,902,4
3,370,16
3,1020,2
1,402,16
1,555,16
0,735,11
0,340,16
0,897,16
0,390,6
0,830,4
4,870,16
5,204,1
4,630,10
0,830,5
0,645,4
0,390,16
2,970,10
0,806,2
4,810,2
0,470,11
3,370,6
1,795,2
3,275,16
4,960,16
0,730,10
4,630,2
0,332,4
0,980,4
4,855,4
0,430,5
0,375,2
0,225,15
3,235,16
3,825,4
0,585,16
0,800,5
4,720,13
3,870,2
4,1020,2
3,360,2
0,729,1
0,564,7
4,780,10
0,900,3
4,1035,16
0,570,16
4,990,4
4,508,1
4,750,8
3,510,12
1,570,2
6,600,16
0,270,1
0,760,10
4,482,16
4,790,16
3,250,16
1,498,5
0,472,11
1,430,16
4,660,2
0,533,16
0,960,16
3,885,10
5,525,6
1,450,16
1,445,11
0,305,5
3,480,2
3,400,16
1,580,5
3,540,2
3,460,11
3,387,5
0,845,5
0,450,5
0,230,16
3,625,2
3,360,10
1,460,16
0,370,10
0,810,6
1,842,4
1,585,1
4,450,16
0,673,16
4,900,8
3,495,16
0,310,5
3,880,16
0,945,10
0,465,10
4,690,4
2,765,16
5,700,4
4,690,16
0,845,5
0,800,10
6,780,10
3,400,16
5,870,2
1,850,4
3,730,2
0,940,16
0,1170,4
0,525,16
3,445,10
1,395,6
0,735,10
0,977,16
0,735,9
3,490,16
0,355,9
1,780,10
0,845,5
0,660,2
3,525,6
4,900,10
4,660,2
3,607,5
4,630,5
3,890,2
1,380,5
4,960,6
0,858,10
0,570,1
3,805,2
0,515,4
0,690,2
0,710,16
2,375,16
5,720,10
3,585,1
0,735,5
1,890,5
1,600,6
0,825,2
3,970,16
0,460,8
0,745,5
4,760,2
5,350,16
5,782,12
3,525,16
6,555,4
4,470,16
3,830,5
3,770,16
3,1095,16
5,890,16
4,780,16
5,360,2
0,391,5
4,695,16
1,465,4
4,633,11
3,510,4
3,350,2
4,370,2
4,1120,4
4,540,5
0,315,4
0,485,9
3,240,1
4,1065,16
3,955,6
3,380,9
4,660,5
3,555,2
3,1034,4
0,750,16
1,795,10
0,940,5
3,345,10
4,525,16
4,578,1
0,750,16
4,465,5
0,685,2
3,669,1
3,980,10
0,455,8
3,790,16
0,300,16
0,530,13
4,750,4
4,590,2
4,870,2
5,480,7
5,320,5
0,465,10
3,600,16
0,820,4
0,565,16
4,1070,4
4,580,1
0,170,5
0,490,4
1,545,16
6,390,10
3,750,16
4,660,5
4,780,16
6,300,16
4,455,10
0,315,16
3,545,16
0,370,5
0,814,5
4,720,10
1,515,10
0,545,16
3,922,8
3,510,2
4,680,16
2,820,4
4,1085,2
0,289,10
0,247,1
0,525,16
0,280,16
3,1137,8
0,915,16
0,702,0
3,510,10
4,900,2
3,880,5
5,613,2
3,420,2
0,813,10
2,450,2
0,516,16
5,705,8
0,260,16
0,1065,10
0,375,15
0,572,5
0,655,2
3,900,15
0,780,2
5,456,4
3,540,1
1,625,13
4,900,6
0,605,2
0,705,10
3,570,4
0,477,16
4,300,5
4,279,6
4,549,4
4,445,16
1,573,4
0,463,8
4,260,5
0,222,4
0,565,16
0,210,5
0,360,5
0,832,16
4,1200,10
4,390,1
0,750,10
3,510,10
3,240,16
1,415,8
0,965,8
3,915,2
4,480,6
0,450,6
4,990,2
0,840,11
4,960,2
0,330,5
4,240,10
3,345,16
5,617,2
1,540,6
2,890,16
0,675,15
4,480,11
0,794,5
0,970,4
0,742,16
1,567,10
3,860,0
4,840,10
1,710,16
3,810,16
3,250,6
0,870,10
0,465,6
3,575,6
4,1140,16
0,515,16
3,885,2
1,350,6
4,735,2
0,420,16
0,540,5
4,530,12
3,695,2
0,1050,5
0,615,10
3,270,2
5,580,4
4,883,10
3,225,6
3,570,16
0,670,2
4,870,16
0,503,5
3,543,5
0,510,6
0,525,8
4,480,8
0,390,16
1,435,2
0,775,2
3,495,16
0,200,16
2,350,6
0,960,4
4,870,4
3,945,4
0,495,3
0,770,16
1,920,5
4,840,16
0,530,16
1,585,10
4,855,16
1,470,5
3,540,2
4,781,6
0,485,1
4,720,6
0,505,16
3,840,16
0,160,10
0,890,16
2,730,3
4,422,5
0,1085,10
0,610,4
3,820,2
1,805,8
0,397,5
0,300,5
4,660,9
0,808,16
0,905,4
0,760,3
0,975,2
0,393,16
4,572,16
0,670,4
3,540,2
4,420,11
0,590,10
0,835,10
4,485,4
3,510,1
5,470,16
1,895,2
2,900,5
0,515,16
1,520,2
0,935,4
1,503,16
1,480,16
6,420,15
3,510,16
0,750,16
3,670,8
1,780,2
1,735,3
3,900,5
1,515,16
4,482,6
0,925,4
0,710,16
0,230,10
3,900,16
4,555,5
1,406,6
3,660,0
3,495,12
4,540,5
0,453,16
3,570,16
0,780,2
4,600,16
4,720,2
5,760,0
6,630,15
0,565,5
0,359,1
3,515,2
1,960,15
0,565,16
6,930,16
1,905,8
0,912,2
4,975,2
0,520,4
1,520,16
4,510,16
0,360,4
4,255,2
0,540,16
4,600,12
4,930,16
3,370,16
0,490,4
5,407,4
5,675,2
0,330,5
4,1080,16
0,559,5
3,660,16
3,450,5
4,660,16
0,665,10
5,586,1
3,844,4
1,795,2
5,595,4
0,390,16
4,1080,2
4,850,16
0,305,16
4,495,4
3,585,16
0,780,1
3,600,10
4,838,4
0,855,10
0,782,1
4,680,2
3,915,16
0,1037,16
4,1200,16
0,550,16
0,550,16
3,505,4
0,540,3
0,980,16
0,597,5
0,850,16
0,375,15
0,690,10
4,493,16
3,330,16
4,900,13
0,675,3
3,915,10
0,635,8
3,600,2
1,680,2
0,485,15
4,900,6
0,900,4
3,380,5
4,755,2
0,600,10
2,765,10
4,810,2
4,690,5
0,265,16
0,484,2
0,910,15
3,585,3
3,890,1
1,404,1
1,625,2
0,773,16
0,310,16
0,460,16
0,225,5
4,991,2
3,375,6
3,345,6
3,1020,4
0,870,2
4,780,15
1,630,2
0,743,16
3,765,16
4,615,16
1,770,5
4,905,10
0,720,16
0,565,1
1,680,16
3,900,16
4,915,4
0,335,2
4,630,10
0,451,5
6,415,10
3,590,2
1,940,2
1,615,5
0,665,5
0,735,16
3,577,4
0,600,16
4,840,10
3,915,16
4,480,16
4,735,16
3,480,16
5,930,2
3,140,16
3,470,2
4,690,16
3,470,16
1,700,15
3,975,2
4,825,2
0,535,16
0,750,2
0,540,16
3,255,6
4,570,2
0,784,1
0,1035,4
0,420,10
0,660,16
4,480,2
5,1020,2
1,200,1
0,210,10
0,855,4
3,930,5
4,425,5
0,585,16
4,750,10
0,755,1
6,545,1
3,175,16
1,487,10
0,900,6
4,830,4
5,690,7
3,495,5
0,270,10
0,545,5
1,330,10
3,900,10
3,390,2
4,480,16
0,919,4
0,530,4
0,673,10
0,502,5
4,150,0
0,765,5
3,955,16
0,237,16
1,735,2
0,455,16
0,380,16
4,780,1
4,825,4
4,660,16
4,450,16
0,290,2
4,390,10
0,535,5
0,740,2
0,1002,11
0,655,4
0,845,4
4,830,10
1,630,16
0,540,16
0,895,16
4,900,5
3,845,16
3,425,8
3,1027,5
3,525,4
4,1230,16
4,630,8
3,542,2
3,1020,2
0,950,16
4,450,5
0,790,10
6,1050,4
0,552,1
3,840,5
0,430,16
4,840,6
0,810,2
4,630,5
4,768,16
4,690,16
1,645,16
0,570,2
0,205,4
0,777,2
0,700,16
0,350,16
4,1020,4
3,1390,10
0,945,10
0,480,16
1,803,16
3,900,5
0,485,10
3,735,15
6,420,2
0,915,10
5,906,16
4,582,5
3,725,9
1,600,16
5,902,16
4,600,16
0,885,16
5,580,10
0,710,16
4,840,8
1,245,2
1,560,5
0,960,11
0,685,4
4,832,2
1,777,16
6,574,16
0,555,13
0,259,16
4,770,2
0,685,16
4,1080,5
0,640,16
0,810,16
1,880,4
1,955,6
0,865,4
4,865,10
0,904,10
3,465,1
4,605,1
3,535,2
4,1110,10
3,540,10
0,653,5
0,910,10
0,450,6
3,450,16
0,870,16
4,960,16
4,990,16
0,575,16
4,1170,16
3,457,5
3,1050,10
0,645,8
0,480,1
4,600,16
3,540,5
0,300,2
3,450,11
0,970,10
3,915,16
3,840,5
0,534,16
0,470,16
3,960,5
3,900,6
0,890,2
1,565,8
1,745,1
0,710,16
1,720,10
0,735,8
0,915,4
0,572,6
3,510,2
0,495,16
3,390,5
0,1150,16
0,845,10
3,505,2
4,720,2
3,845,8
4,1050,6
4,540,8
1,365,8
0,525,4
4,865,2
0,886,16
0,435,10
1,875,8
3,900,16
6,310,5
0,315,16
0,905,2
5,615,16
0,1030,1
4,633,12
1,525,4
0,635,10
3,815,16
1,905,10
4,900,15
4,990,15
4,530,16
4,610,2
0,878,16
0,930,4
4,745,16
4,945,10
0,532,2
3,742,3
0,726,2
0,535,6
0,885,4
3,870,10
4,960,6
0,562,4
3,780,10
3,670,4
1,930,8
3,740,10
4,480,1
0,215,5
4,900,5
3,500,5
3,865,16
3,890,11
0,224,5
1,655,5
5,600,16
3,992,1
1,685,16
4,895,5
4,663,16
3,960,2
0,473,2
0,810,4
0,570,8
0,1320,2
1,790,2
0,585,10
3,640,10
5,350,10
4,1140,16
0,870,16
1,472,2
4,530,5
0,375,11
0,885,10
1,595,10
3,870,16
5,722,16
4,1080,5
3,1035,16
4,771,5
3,565,16
3,800,16
4,930,10
1,630,11
1,616,16
4,773,3
4,540,5
4,600,15
0,340,4
0,650,12
3,285,0
0,500,8
4,475,4
3,525,14
3,540,2
0,840,5
4,482,11
3,690,10
4,790,8
1,805,10
4,840,16
4,1000,4
0,990,2
0,530,16
0,457,0
0,480,16
4,510,1
4,540,5
4,460,8
3,615,2
4,630,5
4,810,0
3,480,1
4,245,6
4,1380,2
4,450,1
4,510,10
0,465,9
3,415,2
3,840,16
0,871,16
4,825,16
3,1070,4
0,465,10
4,810,2
3,1005,16
0,880,5
0,890,10
3,960,1
4,511,5
3,840,6
0,770,3
0,780,2
1,700,16
1,720,2
4,766,10
5,940,2
0,1050,10
4,480,2
3,885,4
0,870,5
6,840,10
4,530,8
0,545,2
0,405,5
4,870,15
5,750,5
3,1050,1
3,897,16
4,600,4
4,390,16
4,1045,5
4,825,5
4,1080,6
5,664,16
1,665,16
0,905,4
5,747,10
6,810,2
0,642,16
0,935,10
0,410,16
0,990,16
3,830,2
4,960,10
3,530,16
1,735,12
3,405,10
0,831,14
0,751,2
4,1140,2
0,990,16
4,1110,4
4,719,16
4,750,2
0,766,10
0,375,6
3,795,16
4,570,10
0,600,10
5,745,5
4,943,6
0,780,4
4,1125,4
0,960,5
0,785,4
1,707,16
0,365,1
4,540,16
0,485,16
0,642,16
4,630,15
2,420,15
0,255,16
1,370,10
0,1073,2
4,1080,16
0,720,16
3,870,8
3,820,1
6,990,4
1,540,4
0,650,2
4,795,0
0,1119,5
3,530,2
4,480,2
4,810,4
4,1120,5
3,477,16
5,335,4
3,975,16
1,870,16
0,800,10
3,880,3
4,500,10
0,375,12
3,490,4
1,651,12
3,437,16
3,885,2
4,660,8
5,1110,10
0,585,4
4,210,16
1,502,5
4,730,11
0,565,16
0,760,8
1,715,6
6,860,4
6,465,4
3,330,4
1,665,5
4,422,1
1,832,6
3,790,13
5,723,5
3,590,2
4,567,5
0,720,15
4,900,5
2,390,7
3,538,16
4,1350,8
4,1020,5
5,305,8
0,745,6
4,930,10
4,710,10
4,750,5
1,935,4
4,1110,6
0,620,11
1,645,16
2,540,10
3,850,2
0,330,1
3,540,3
4,470,3
5,755,15
0,730,16
1,305,4
4,480,5
4,760,10
3,675,10
4,960,2
0,1060,4
3,840,10
3,460,5
0,558,5
0,637,12
0,915,16
3,660,10
5,845,0
0,601,16
4,930,4
3,305,4
1,287,16
3,599,2
0,505,10
0,900,10
3,450,10
4,480,4
3,610,16
0,825,16
0,825,2
3,480,16
1,223,2
3,573,8
3,330,2
1,905,6
4,870,16
0,405,16
0,770,16
4,360,5
2,935,15
1,1065,16
4,1125,1
3,340,10
0,634,16
5,615,16
0,930,10
4,960,16
3,525,10
4,833,11
5,975,1
6,875,4
0,640,16
3,870,4
4,825,4
4,840,10
4,960,16
3,935,16
3,435,4
0,500,5
4,480,16
4,640,5
0,600,2
4,540,8
4,720,2
0,895,4
0,420,16
0,750,4
4,500,4
5,600,16
0,720,4
4,1260,10
3,630,5
5,325,1
1,630,16
0,580,4
1,675,4
4,420,12
0,905,2
5,545,2
0,560,16
5,520,5
4,720,16
0,560,8
4,420,16
0,495,16
1,425,0
5,480,4
4,970,5
1,510,4
0,617,10
4,270,7
0,723,16
4,527,16
6,980,10
1,902,16
4,1110,5
3,592,5
4,780,6
3,540,5
0,593,16
0,870,12
3,900,5
4,990,10
4,670,16
0,730,10
3,540,4
4,1100,10
0,430,16
0,725,2
4,1200,1
3,633,16
4,1020,10
3,650,4
4,1010,16
5,825,2
6,441,2
0,682,16
0,965,4
0,500,16
3,855,10
4,775,10
3,980,16
3,761,10
0,360,16
4,720,2
1,994,10
4,540,4
3,585,4
1,730,16
0,600,4
3,485,1
3,857,16
0,585,10
3,870,5
2,600,10
0,480,2
0,945,4
1,950,10
1,530,5
0,560,16
4,990,16
0,505,10
4,940,8
0,455,16
4,630,5
4,903,5
4,780,2
0,800,11
4,910,10
1,497,5
1,950,10
4,720,5
4,764,1
6,515,6
2,1050,10
0,595,16
0,425,14
0,821,16
4,750,5
3,510,0
5,585,6
5,795,10
0,760,2
0,802,16
0,680,11
0,934,1
4,1200,1
3,670,16
0,380,8
5,635,7
3,457,16
1,545,5
4,1260,16
4,730,5
0,893,0
0,920,16
3,920,10
0,870,16
6,603,16
0,590,8
3,520,6
4,870,8
0,970,10
4,420,6
4,670,16
3,570,16
0,849,14
4,850,14
0,670,6
0,480,16
0,700,13
1,670,16
4,810,10
0,615,16
4,1015,16
4,660,2
4,480,8
0,863,5
3,315,10
0,720,3
3,500,2
4,840,1
0,270,10
1,870,16
4,720,5
1,895,2
5,810,5
0,722,10
0,939,8
3,1040,5
1,570,8
0,225,15
4,735,4
6,603,2
3,555,2
4,1080,10
1,640,16
3,890,8
1,390,16
3,750,3
3,1090,10
1,540,15
0,902,16
1,680,16
4,1080,7
1,660,16
1,546,16
3,945,2
0,405,16
0,795,10
3,650,16
3,790,3
0,820,6
3,750,2
4,390,12
3,505,6
3,930,12
4,600,10
0,420,16
4,810,7
5,510,6
4,465,8
4,361,15
0,380,5
3,1000,15
4,780,5
4,840,16
4,890,16
4,1215,16
1,800,10
5,810,4
4,990,4
6,1123,10
0,780,10
0,775,0
0,917,5
3,764,3
1,600,6
0,714,7
3,973,14
4,420,1
0,647,16
1,460,2
4,630,2
4,660,16
0,790,10
0,630,2
4,840,10
4,850,4
0,912,2
1,540,16
0,890,16
0,630,0
0,760,10
4,495,2
0,1048,16
4,150,6
0,492,14
0,480,0
3,535,16
0,695,4
2,660,10
1,950,8
0,780,10
4,1290,5
4,1020,10
4,720,10
0,840,5
4,690,5
0,780,16
3,951,10
5,601,10
4,270,2
0,590,10
1,795,5
5,1042,16
3,435,4
4,750,9
2,315,16
4,780,16
4,450,16
1,885,10
0,960,5
5,615,8
0,770,4
4,777,16
0,555,8
4,745,12
4,480,2
0,185,6
6,540,6
0,482,2
3,870,16
1,277,2
3,550,2
0,630,10
0,335,16
0,930,5
4,765,16
1,435,16
3,501,4
4,1080,2
4,650,2
4,695,4
4,510,6
3,185,1
1,771,10
0,975,4
3,295,6
1,460,8
1,490,8
3,795,5
3,665,5
0,667,6
1,365,10
0,420,11
4,810,16
1,750,1
4,765,16
4,1140,16
0,850,1
4,795,10
3,628,7
3,900,5
0,901,6
4,585,16
1,600,16
3,720,16
4,570,16
3,465,16
6,840,16
3,485,6
3,870,3
1,730,10
0,690,8
4,480,1
4,1170,5
4,810,10
6,405,8
0,1060,5
4,1103,0
3,540,8
3,895,8
0,900,16
0,910,1
4,1125,5
4,480,16
1,935,16
0,910,10
3,925,2
0,835,16
4,921,7
4,959,6
3,605,6
3,971,4
0,591,16
4,1058,5
0,365,16
0,690,16
0,726,5
3,983,16
4,1040,2
0,900,4
0,925,16
4,900,5
0,819,4
5,600,1
3,645,16
6,285,10
4,790,12
1,1110,10
4,787,4
3,830,12
4,1185,16
3,1040,16
0,964,16
0,735,4
3,845,14
1,880,10
0,685,16
3,890,16
4,1160,11
0,685,10
2,570,10
4,570,5
1,675,10
4,1040,16
3,540,4
3,855,16
1,495,5
4,540,5
0,1020,10
1,720,8
1,670,16
3,540,2
0,610,6
0,759,4
2,685,1
4,845,16
5,361,16
0,780,2
4,1200,5
4,1200,6
4,960,2
3,872,6
5,506,1
4,1070,6
0,660,5
4,960,16
0,675,16
0,890,13
4,765,1
4,660,5
0,755,16
1,465,2
4,1170,11
0,540,5
0,565,6
4,810,16
0,890,16
0,860,10
0,560,16
0,380,16
3,570,8
3,880,4
4,960,10
0,1080,10
4,630,10
2,990,16
2,1040,10
1,454,5
3,920,10
0,630,9
3,1060,2
3,810,16
0,535,2
3,656,5
3,940,4
4,1210,16
0,555,11
0,630,10
4,1020,5
0,875,5
3,990,16
3,758,8
1,600,16
4,840,2
4,750,4
5,734,5
4,540,10
2,945,16
4,1050,5
0,993,10
4,630,2
0,1013,16
4,780,2
4,1110,16
0,750,6
3,510,16
4,240,16
3,940,4
4,955,4
1,280,16
0,610,9
0,690,3
4,718,5
0,935,10
0,382,1
0,850,15
3,720,8
4,966,5
0,535,5
4,520,14
1,840,16
1,720,2
3,600,5
0,645,4
0,416,16
0,850,2
3,1150,5
3,900,8
0,500,16
0,620,10
3,370,1
5,449,1
3,900,4
4,720,16
0,925,4
4,840,4
0,1095,10
0,1110,10
0,845,4
1,660,2
3,1020,5
0,637,16
0,707,8
0,690,2
0,774,2
0,590,2
1,725,16
1,450,5
4,755,16
4,305,2
4,900,10
4,507,16
0,820,4
4,690,1
4,695,10
3,941,16
0,520,1
4,750,2
0,800,16
0,855,10
0,840,1
0,870,4
0,810,16
1,1052,2
3,1000,1
4,1140,12
3,750,5
1,490,9
0,527,2
0,563,10
1,520,2
0,591,16
0,816,3
0,1178,4
3,817,16
0,505,10
0,310,5
3,1435,5
3,470,16
1,590,1
1,467,16
6,495,10
0,1110,10
5,540,4
4,870,16
1,990,15
4,629,5
3,900,2
0,520,1
3,785,16
3,800,10
0,755,8
0,760,4
0,780,16
3,860,5
4,1140,2
3,640,5
0,920,16
3,915,16
0,1140,4
5,1080,16
0,890,16
0,780,2
0,990,7
0,615,16
2,1270,10
3,690,4
1,955,1
1,851,5
0,845,10
0,710,16
4,1095,3
3,960,16
5,423,8
4,1160,1
0,990,6
0,835,5
1,810,16
4,795,16
0,420,16
4,840,5
4,1050,16
0,1155,16
3,1030,8
4,900,5
3,925,1
0,765,6
0,812,10
1,415,11
3,600,3
0,950,1
4,660,16
0,722,10
0,746,16
1,810,2
3,1000,6
1,786,16
5,750,8
3,600,6
4,885,2
1,500,2
4,793,10
0,670,6
0,553,1
0,524,16
4,690,16
0,430,16
3,850,8
1,375,1
4,1035,4
0,415,16
4,942,4
4,1140,8
0,560,10
5,780,16
3,855,2
0,625,5
3,572,1
0,825,5
0,885,5
0,675,2
3,390,16
4,1070,2
0,894,2
4,825,2
6,915,16
1,600,16
3,480,16
0,660,16
0,1135,16
1,610,10
5,242,2
0,515,16
1,870,10
4,790,16
0,725,2
0,495,16
0,475,1
4,359,2
3,681,1
0,830,16
0,855,16
0,812,16
0,750,16
4,660,6
4,780,16
3,480,6
0,555,4
3,1380,16
1,345,16
4,780,5
0,1239,0
0,850,16
0,820,5
0,952,10
1,655,6
3,600,6
5,900,10
4,420,5
0,600,16
0,480,2
0,765,16
3,830,9
0,314,16
0,765,16
0,330,16
0,987,10
3,1080,2
0,475,16
4,570,16
1,680,1
1,972,11
0,685,16
0,877,10
1,720,6
3,960,16
0,360,2
0,612,10
1,839,16
3,510,2
0,655,8
3,830,10
4,540,2
0,600,16
4,455,10
4,450,2
3,920,16
3,900,5
1,475,4
3,810,4
3,390,2
0,950,16
0,450,8
0,350,1
0,960,10
4,600,16
1,945,16
0,1048,1
2,560,16
0,903,15
0,900,16
4,720,4
4,884,16
3,840,2
0,890,8
0,850,2
3,972,4
4,1200,8
4,480,2
4,960,10
3,550,3
0,650,16
1,685,16
0,660,16
1,855,4
1,945,10
1,430,11
4,828,16
1,581,8
0,680,10
3,738,2
4,1020,16
0,345,5
4,780,4
0,431,1
4,620,16
0,696,10
0,435,10
3,1120,0
4,1200,5
4,780,16
3,570,4
0,565,10
5,980,4
3,475,6
1,505,12
3,520,2
0,1011,10
0,733,2
4,660,16
1,400,16
4,1020,9
3,600,6
5,968,10
1,597,15
0,885,16
0,905,16
4,585,2
5,615,10
4,930,10
0,480,1
0,870,10
0,676,6
3,731,1
0,546,16
1,475,15
4,955,10
4,740,5
0,877,1
5,698,4
4,1030,16
4,675,2
4,870,4
4,540,5
4,1020,4
1,375,5
0,740,10
0,1001,4
5,660,6
4,820,9
4,720,2
4,540,16
0,885,5
3,637,1
4,505,5
3,965,16
0,532,16
4,600,8
4,660,4
1,489,8
3,905,10
0,810,6
0,830,16
3,850,1
0,932,4
4,660,16
3,1080,4
0,800,10
0,845,16
0,523,2
4,780,2
5,560,5
4,1110,5
3,770,4
3,643,2
4,540,16
0,595,2
0,860,16
1,870,10
4,885,10
4,690,10
4,975,16
1,675,15
0,640,16
4,480,5
4,555,2
0,830,10
3,1025,10
4,1070,2
6,1060,2
0,890,6
3,895,4
4,780,16
4,660,16
4,905,16
3,885,16
0,600,6
3,975,4
0,870,16
5,455,16
3,745,6
0,582,16
4,1020,16
3,870,5
3,885,4
4,810,1
5,763,5
0,680,7
1,640,7
3,1020,10
0,760,7
3,500,2
1,880,10
0,360,1
3,790,15
0,710,1
4,690,4
0,842,2
3,300,1
0,750,2
0,1020,8
0,960,10
0,815,16
3,1020,16
0,575,16
3,280,16
1,770,2
4,590,5
0,655,8
4,990,16
4,1260,16
0,410,8
0,810,16
3,545,16
4,755,4
4,1170,1
0,685,8
0,795,2
3,570,8
3,935,16
4,1020,4
5,410,8
1,803,6
4,840,16
3,840,16
4,910,16
0,420,1
4,720,5
2,720,2
5,495,8
0,900,4
0,825,16
4,600,16
5,480,16
3,390,2
4,1018,10
0,850,10
3,825,15
0,795,2
3,855,2
6,995,16
1,870,0
3,855,5
3,960,10
0,936,16
0,602,5
1,785,16
0,975,16
3,492,14
4,660,9
0,465,5
1,782,10
0,667,16
0,670,3
4,1020,16
0,985,8
4,1080,5
0,547,9
4,1080,5
0,1000,1
4,780,2
5,855,5
5,510,5
3,1350,10
0,155,2
3,585,16
4,770,6
4,870,16
0,767,16
3,840,16
0,1050,4
0,840,4
4,1089,10
3,715,16
4,920,6
0,1010,16
0,605,2
0,290,10
4,770,1
0,800,15
4,480,2
0,880,5
0,805,16
4,675,4
0,530,8
5,790,4
4,720,5
4,1170,2
4,780,16
3,565,16
3,810,16
3,510,10
1,311,2
1,580,5
3,490,5
3,1025,10
0,810,5
4,840,8
0,290,10
0,605,10
4,660,4
2,710,2
1,950,2
0,875,8
4,580,12
0,1090,4
2,870,16
6,775,16
0,1050,4
0,525,10
0,240,10
4,840,5
3,1055,16
0,360,16
6,842,4
0,778,16
0,505,16
4,810,14
4,725,0
4,390,16
3,435,4
6,963,4
0,769,16
0,770,8
3,860,10
3,948,2
1,780,16
4,920,4
4,1039,16
0,590,5
4,1085,10
0,640,5
3,880,14
0,1090,4
3,600,8
4,764,16
4,1000,10
0,920,16
0,740,1
0,735,16
4,720,16
4,790,15
3,570,2
3,843,16
1,460,16
0,1035,4
1,1067,14
3,960,5
3,955,5
0,870,16
0,380,5
3,510,12
3,945,16
4,840,6
3,930,13
4,780,1
6,893,8
1,385,6
1,990,8
4,960,16
5,738,10
4,1080,5
0,1075,10
3,915,16
2,720,10
3,935,16
4,965,16
0,650,2
4,930,16
3,840,2
0,695,16
4,880,4
4,1055,10
4,870,1
4,870,10
6,990,5
1,720,1
1,990,5
1,485,16
3,791,16
3,602,2
3,575,10
5,725,5
2,1105,0
4,600,2
0,960,5
4,810,16
0,645,16
4,1317,5
4,1050,16
4,705,5
4,1260,2
0,767,4
4,750,16
4,960,2
1,730,16
3,870,9
4,380,7
4,870,4
0,575,1
0,980,16
0,540,5
0,1185,2
4,720,16
3,825,10
4,1080,2
1,690,1
4,1080,6
4,515,16
1,960,5
1,615,16
0,930,12
3,872,1
1,460,8
4,810,16
2,889,1
0,1020,2
4,1320,3
3,635,4
3,995,11
0,1090,6
3,400,16
0,475,16
4,740,16
0,1071,10
0,927,8
3,900,3
4,870,16
3,964,16
0,1290,10
5,677,10
4,900,0
3,945,6
0,969,2
0,612,8
0,765,16
1,600,16
4,1050,4
3,1010,5
3,660,1
4,1050,6
0,487,8
4,1140,2
3,825,5
4,1080,16
0,260,1
0,967,16
0,545,2
0,960,2
0,285,7
2,630,16
1,855,1
0,755,10
4,1027,16
5,465,10
3,880,10
4,770,16
0,1027,2
1,720,2
1,607,16
0,746,10
0,630,2
4,810,2
5,440,8
4,1200,10
4,1050,16
1,530,11
4,720,5
0,464,2
0,735,8
3,945,2
0,880,2
3,1120,5
4,1140,16
0,475,2
4,920,16
0,915,2
4,1080,10
4,875,2
4,722,10
4,780,4
4,630,10
0,730,11
3,525,1
0,310,1
0,943,16
0,665,10
3,885,16
0,790,5
0,725,16
1,570,2
0,775,4
1,845,16
4,990,10
4,1065,6
4,1080,5
0,795,2
0,500,16
1,540,10
4,600,16
6,600,16
6,840,5
4,860,15
0,955,5
4,820,2
5,577,5
1,325,10
4,480,5
0,600,5
0,500,8
4,955,16
4,1140,16
1,595,5
0,955,8
4,1020,5
0,695,4
0,1020,16
1,550,10
4,1065,16
4,780,16
0,905,2
5,820,15
4,1085,5
4,960,10
0,850,2
0,717,2
3,922,10
0,1085,8
4,1260,8
1,735,16
4,970,2
3,785,4
4,1020,16
1,635,5
0,940,11
4,870,16
4,750,2
0,969,16
0,855,1
4,980,0
1,720,10
0,435,16
6,1070,5
3,1023,10
0,825,5
1,595,4
6,880,1
0,1055,4
4,1260,5
0,1050,16
1,930,10
4,990,5
4,840,16
6,465,16
4,1140,4
0,770,12
4,900,4
3,921,5
0,805,8
0,765,16
3,640,9
4,840,16
0,890,1
0,505,10
0,818,1
3,675,2
3,582,2
1,622,10
0,810,4
5,435,11
4,1080,16
0,395,2
0,1081,10
3,435,8
0,420,16
0,945,16
4,870,2
0,964,5
0,380,1
4,720,2
3,790,10
4,1080,4
1,690,2
4,750,16
1,980,4
3,900,3
4,840,5
4,1140,8
0,418,7
4,900,4
0,840,10
5,1100,0
0,605,8
3,690,2
0,667,10
0,630,16
0,257,1
1,582,8
0,890,4
0,572,10
3,810,6
0,925,10
4,780,12
5,510,5
2,360,5
3,840,10
4,945,9
1,830,9
0,903,1
3,782,8
3,723,16
0,652,10
3,830,4
2,540,16
3,580,2
0,825,6
3,867,11
4,1011,11
4,810,16
0,924,16
3,510,10
3,891,8
3,315,8
1,690,4
3,780,5
4,780,6
1,1015,16
0,1100,10
3,510,5
0,575,8
0,710,16
0,978,10
1,695,6
4,990,16
0,769,5
4,1035,8
4,479,5
0,360,16
4,1230,2
6,870,6
4,780,4
3,660,16
4,840,16
1,660,10
4,480,10
0,240,8
4,635,5
0,497,1
0,475,4
4,780,16
4,1080,15
4,840,2
3,960,5
3,725,16
4,960,5
4,990,4
4,405,2
3,655,4
0,705,2
0,650,16
0,950,3
4,1080,10
4,990,6
3,960,5
4,1017,7
0,990,10
3,807,2
0,1000,1
4,855,6
3,990,16
3,975,10
4,1320,2
3,540,4
0,555,16
1,665,2
0,710,5
3,680,4
0,955,1
0,830,10
3,570,1
4,720,16
0,825,5
5,450,2
0,805,2
3,510,2
5,650,8
1,762,16
4,455,4
4,1200,10
0,817,7
0,689,2
4,720,5
0,520,16
4,1020,0
0,540,15
4,1070,16
1,715,6
0,1110,16
4,605,16
3,930,4
4,1045,4
3,600,16
4,1225,7
2,655,16
3,710,16
4,780,2
4,555,2
0,215,16
0,500,16
0,782,2
3,920,16
0,780,5
0,780,2
3,1036,5
0,1102,10
3,1005,16
3,600,2
0,782,4
2,465,16
3,1005,16
0,900,10
3,730,5
3,892,2
0,665,5
0,900,5
4,840,4
3,525,9
4,1230,16
1,565,12
0,665,16
5,820,16
4,885,10
4,975,2
0,860,16
2,780,8
6,855,16
4,1020,4
4,540,5
0,855,4
0,570,1
0,773,10
0,680,4
3,568,10
3,880,5
0,904,2
1,720,16
0,1065,4
0,702,16
2,635,5
5,682,7
0,531,10
3,560,5
4,1020,5
0,1080,10
3,900,13
1,636,16
0,700,4
0,945,4
4,930,10
2,630,16
4,780,16
4,1140,16
3,900,10
4,795,10
0,725,7
3,690,7
4,1020,10
0,895,3
4,1080,16
6,1030,16
6,890,16
0,930,2
4,1200,16
0,855,10
2,700,16
0,895,8
4,780,16
4,540,1
3,450,16
4,900,3
5,790,5
0,750,2
3,945,4
3,757,5
3,962,16
4,960,4
5,615,10
4,420,1
0,797,5
0,725,13
4,750,16
6,1005,2
3,442,16
0,590,1
4,840,2
0,570,12
0,780,10
3,690,16
1,850,4
4,1020,8
6,450,16
0,850,16
0,747,3
0,870,2
0,875,8
0,916,8
3,900,6
1,795,16
3,1005,10
0,500,16
3,930,16
4,840,2
3,650,6
4,420,5
1,1030,16
4,900,16
4,840,16
3,810,16
0,1000,8
0,872,1
4,895,16
4,995,14
1,965,0
4,640,2
0,840,8
4,977,5
0,1095,5
1,697,16
1,470,2
3,720,1
4,855,2
4,1110,16
0,900,5
2,1143,10
3,1020,16
3,945,10
4,1045,2
0,620,1
0,810,16
4,900,10
4,1380,16
3,165,10
4,810,4
1,682,16
0,832,16
3,870,2
4,1420,2
0,1090,2
0,730,6
0,982,16
4,1200,6
4,930,16
2,502,16
3,825,10
3,810,16
3,530,16
4,960,10
5,822,5
0,815,2
4,780,16
0,835,10
0,510,16
0,950,16
0,795,10
4,870,4
0,315,1
0,595,16
0,500,2
0,1060,5
0,920,14
3,822,2
3,920,16
0,675,16
0,725,16
3,877,16
1,645,2
0,535,4
3,900,5
6,1075,5
4,875,16
4,675,2
3,930,16
4,1140,6
3,453,8
0,845,16
4,780,8
0,537,16
3,870,10
0,750,10
0,801,16
0,395,11
0,975,13
4,780,4
1,804,16
4,1185,11
0,810,15
3,625,16
4,790,4
0,1125,16
0,835,16
4,650,2
4,973,5
0,631,16
4,1080,16
0,825,2
1,1050,16
4,1080,15
3,810,16
4,751,10
0,605,16
0,855,10
5,485,13
5,1041,16
3,1100,15
4,815,5
4,1159,10
4,1200,10
4,600,1
0,575,10
4,1324,1
5,960,16
2,1050,5
0,784,16
0,897,16
4,1035,16
3,980,8
0,790,2
4,1149,5
4,1020,16
0,750,5
3,990,2
4,780,10
0,980,4
0,840,5
4,960,4
1,715,4
2,1020,16
0,1060,16
3,922,16
4,1012,1
0,1055,2
0,515,2
0,840,10
0,610,3
0,584,2
0,760,10
3,620,5
3,1040,1
0,817,11
1,650,12
0,710,2
0,1324,5
3,880,16
0,800,4
1,1051,16
0,382,16
3,900,2
4,785,16
3,990,10
4,690,16
3,1231,5
0,780,8
0,1010,16
4,930,16
4,1290,5
3,1095,16
3,755,2
0,708,8
4,1110,2
0,609,10
4,995,10
4,900,16
4,630,5
3,952,5
4,1092,1
4,705,16
4,1110,3
4,1110,16
4,450,12
3,510,1
3,765,10
1,1090,4
3,971,16
3,900,10
0,857,6
4,1315,16
1,930,10
4,960,16
1,1050,10
3,650,16
0,875,2
5,857,8
3,675,9
4,1140,1
0,780,5
2,1110,5
3,570,16
0,835,2
1,275,6
4,1140,10
4,710,6
4,567,16
0,1110,3
1,770,5
3,480,16
0,834,4
3,1050,4
3,740,5
3,760,5
1,730,16
0,825,16
0,460,16
0,540,16
2,730,14
4,566,2
3,510,15
4,1110,4
0,1130,1
0,1155,2
3,480,5
5,1170,1
0,900,10
4,750,16
1,860,10
5,780,16
4,600,16
1,340,2
3,975,10
3,800,5
4,900,1
3,793,10
4,1215,5
0,955,2
0,608,5
3,824,16
0,855,8
0,1086,5
0,1155,16
4,1050,5
4,665,11
0,631,10
4,1000,11
3,900,2
0,869,6
1,960,10
4,900,4
0,600,2
0,785,16
0,360,16
3,542,2
4,768,10
1,685,16
0,991,2
0,600,2
1,747,10
4,1200,8
0,570,16
4,1075,4
0,815,1
3,1100,5
0,822,16
0,1108,0
0,971,2
1,816,4
4,1190,16
4,660,16
0,1020,10
0,822,16
0,1057,8
4,840,2
0,600,15
3,960,16
0,872,5
3,780,11
3,930,5
0,768,16
1,625,8
0,1075,16
0,950,16
0,630,16
4,1140,2
1,1060,11
0,956,11
0,850,1
0,490,9
3,785,13
3,910,2
4,1020,16
3,800,8
4,750,16
3,900,10
3,860,15
4,775,4
5,630,16
5,890,16
5,410,16
4,1170,5
4,450,16
6,1050,10
0,875,4
4,987,2
1,460,6
0,725,10
4,930,5
4,930,4
4,975,16
3,845,4
5,435,2
1,907,10
3,844,0
4,660,16
4,615,16
4,695,16
6,945,2
5,805,6
4,645,8
4,990,16
1,582,1
3,930,13
3,830,16
0,515,10
4,1140,12
0,850,5
0,960,16
4,840,16
5,660,16
0,885,1
3,600,6
4,720,16
0,675,16
3,870,16
0,795,8
0,880,16
3,1037,2
6,1023,16
4,1200,16
0,888,4
1,925,5
0,625,4
0,920,16
4,847,5
0,705,2
0,870,10
3,810,10
0,1019,8
4,1170,5
0,590,16
3,605,2
5,1020,8
5,1000,16
0,780,2
1,805,2
0,750,10
6,510,8
0,877,5
4,743,2
0,715,2
0,920,1
0,840,16
3,510,1
0,666,16
3,510,5
1,515,16
3,881,10
0,600,16
0,900,4
4,990,10
3,1003,2
1,660,16
0,720,2
3,720,10
4,1020,10
4,735,6
0,990,16
3,1040,15
6,1080,16
1,880,5
3,875,5
0,1020,10
0,1000,1
3,1370,4
4,570,2
1,640,10
3,915,1
4,1149,10
4,1140,5
0,480,6
4,840,16
4,780,16
4,780,9
3,840,2
0,540,16
6,990,16
4,750,6
0,765,16
0,765,6
0,500,14
3,855,10
2,820,16
4,660,16
0,715,10
3,600,10
0,1065,2
3,725,16
4,830,15
0,741,16
0,445,1
4,1170,6
6,635,3
0,1004,8
0,660,2
4,720,2
3,1245,10
4,840,4
3,810,4
0,780,5
4,240,4
4,600,10
3,840,4
4,816,1
3,800,4
6,1140,10
1,1065,10
4,1110,2
3,480,8
3,930,16
4,1080,10
0,1016,4
3,930,6
0,788,6
0,595,5
0,894,5
6,675,2
1,935,2
2,720,4
3,870,16
4,570,16
0,570,5
3,712,8
0,870,12
4,1135,5
3,940,5
4,795,16
3,925,5
0,1035,10
0,541,16
4,1151,16
3,595,16
4,841,2
3,765,2
0,905,10
4,1080,10
0,745,10
4,1080,16
4,900,6
0,705,14
4,540,16
0,585,2
0,1025,10
3,1120,16
4,1095,16
4,660,13
0,865,0
0,355,1
3,965,10
0,932,2
3,885,6
0,1145,2
4,975,5
4,820,4
3,800,4
4,900,2
0,705,5
4,910,16
0,1130,6
4,1050,4
3,1010,10
3,860,5
0,710,11
4,982,16
0,790,7
3,545,10
3,1117,5
0,640,2
0,795,1
3,763,4
0,951,2
4,420,16
0,775,2
4,1290,8
0,965,16
0,1005,2
1,667,16
0,446,5
0,825,10
0,761,8
6,540,2
4,630,10
3,900,5
4,656,16
0,805,0
0,745,2
6,1040,16
0,620,2
0,1140,16
0,1090,0
4,540,2
3,860,8
5,831,1
4,912,10
3,895,16
3,950,16
4,1135,5
4,840,2
0,825,2
3,870,4
5,815,16
0,684,5
0,930,10
3,500,10
0,1060,10
3,910,8
0,860,4
0,920,16
4,1075,2
4,960,5
0,900,6
0,656,16
1,901,16
0,1005,2
4,1335,2
2,729,5
3,737,1
0,471,5
4,765,6
0,913,5
3,735,16
3,820,10
0,908,16
1,937,4
0,200,16
0,815,16
0,775,8
3,840,10
0,930,5
0,1310,6
4,1062,5
3,751,10
0,990,9
0,510,3
4,1200,16
4,600,5
3,993,16
0,830,10
3,840,10
3,820,3
1,880,7
4,660,5
3,1050,11
0,785,5
0,770,16
3,900,16
0,680,16
0,876,2
5,370,16
4,627,8
5,514,5
4,1110,10
4,840,10
4,940,4
5,370,8
4,710,5
1,825,11
3,1063,2
0,655,16
0,910,4
2,1125,3
0,1260,16
0,510,16
0,835,16
1,600,8
4,705,16
3,885,2
4,870,4
4,524,10
0,495,2
4,1010,16
6,1035,16
0,1050,10
4,780,4
3,825,10
4,1170,8
4,960,5
3,985,10
4,710,9
6,890,5
0,1130,4
0,840,10
0,795,16
0,790,16
0,875,4
1,620,4
4,1290,16
0,515,10
3,1050,7
0,1215,5
1,679,16
4,808,2
4,975,5
4,1080,16
4,920,7
0,1050,0
4,1115,2
1,803,3
0,1157,10
4,780,1
0,1035,16
0,840,5
0,970,10
4,1140,2
3,875,2
0,980,2
0,740,16
4,1055,6
4,1110,7
4,1020,2
0,950,5
0,1020,5
3,1140,5
4,862,5
1,615,2
3,585,4
4,780,16
1,720,2
1,900,9
0,670,2
1,711,10
1,1329,2
2,935,8
0,900,2
6,810,2
4,1110,5
3,1130,3
0,930,10
4,540,10
0,915,10
0,810,5
4,1040,1
0,1041,5
1,1050,5
3,945,8
0,905,16
4,1110,8
0,818,2
4,780,14
4,730,16
3,1140,6
1,780,5
3,925,16
0,1030,4
0,982,8
3,660,10
0,940,16
4,1110,2
0,701,16
0,487,5
0,530,16
4,835,2
4,1140,1
0,937,16
4,1080,16
0,669,1
1,945,5
0,840,6
0,875,16
0,1131,10
3,830,1
4,1140,10
4,870,5
0,830,10
0,285,16
0,720,16
3,640,8
4,1145,10
0,870,8
4,840,2
4,540,5
0,906,5
3,840,2
4,1110,5
4,884,15
0,915,16
4,1028,16
1,492,9
3,675,8
4,1005,10
4,690,16
4,1140,4
1,1170,2
4,540,14
0,945,2
3,915,5
0,760,8
0,750,15
3,960,16
0,645,8
0,870,1
0,345,4
0,810,10
0,910,16
6,1020,5
3,825,2
4,1095,1
1,642,10
1,894,16
4,1160,16
4,1170,5
0,697,16
0,630,4
4,655,1
0,1010,16
3,895,16
4,1190,5
4,990,4
3,945,16
3,689,16
3,790,5
1,375,8
4,840,10
0,852,4
6,1125,8
0,630,16
4,1140,16
4,811,7
0,840,6
4,660,8
3,1142,1
3,840,16
4,1110,2
3,885,5
4,1160,16
4,1080,4
5,844,2
0,902,16
0,840,16
0,695,1
4,1080,16
4,1110,16
3,870,4
5,640,16
6,810,2
1,990,1
0,935,10
1,805,8
4,645,16
3,1120,10
4,1140,8
4,960,0
3,684,3
4,1165,0
4,960,4
4,870,10
4,510,16
0,840,0
0,960,10
0,840,16
4,960,16
4,720,16
0,795,16
0,630,6
0,650,10
0,1107,5
0,480,16
0,420,11
4,720,16
3,935,10
0,494,16
1,798,11
0,935,0
0,985,2
0,820,10
0,850,2
0,501,1
0,960,16
3,670,10
3,697,8
6,575,10
0,639,8
0,1005,8
0,600,16
4,930,5
3,570,13
0,625,10
4,1155,5
3,875,7
0,840,2
0,670,10
3,930,10
4,780,16
4,690,8
2,830,16
4,910,5
4,1120,5
0,1090,5
0,820,16
0,935,2
3,660,14
4,660,10
4,995,8
0,410,2
4,780,16
3,912,1
6,1020,9
5,720,3
0,1050,8
4,810,1
0,842,14
0,535,16
1,975,14
3,875,10
3,823,5
4,1110,10
3,900,8
4,690,10
4,400,5
0,520,8
0,930,5
3,672,8
4,1055,16
4,960,2
4,1200,4
4,795,5
2,783,5
0,725,4
0,1100,16
0,750,16
0,965,16
0,1045,8
4,947,10
3,1046,16
4,1159,2
0,625,10
3,850,2
0,750,16
0,980,11
4,840,0
3,1160,16
4,570,16
3,910,10
0,920,16
0,1020,9
0,762,16
3,815,6
1,870,0
3,530,10
0,855,9
4,1080,1
4,870,8
0,840,16
1,750,4
4,680,5
4,1095,16
4,885,15
0,975,4
0,1185,5
3,750,4
0,777,8
4,1380,5
0,677,16
3,930,16
3,895,10
0,250,16
3,650,16
1,849,16
3,840,12
4,1110,16
0,1080,5
0,686,2
0,1137,10
1,1100,16
1,800,10
4,690,2
1,805,1
0,950,5
6,600,10
4,585,16
0,705,0
4,720,16
4,1022,16
0,1085,2
0,805,5
0,1000,16
4,1081,16
1,625,12
0,1165,0
0,600,11
3,922,5
3,930,16
6,970,11
3,905,13
3,720,5
0,780,7
3,555,8
4,720,16
3,1180,0
0,691,16
3,900,10
4,1200,16
1,495,16
3,969,10
0,690,5
0,990,2
0,840,16
0,930,5
1,725,16
3,1015,5
4,1230,10
0,940,2
4,870,10
5,721,3
4,840,10
0,570,2
1,660,1
1,805,16
0,891,16
4,960,4
3,460,5
1,810,4
4,1162,5
4,1050,1
0,675,8
1,510,2
4,1080,4
3,895,16
1,765,16
0,1085,13
0,605,16
1,915,1
3,810,10
4,750,16
4,1080,8
5,710,16
4,1200,10
4,1102,2
3,560,16
4,1080,16
0,840,2
0,965,5
0,960,4
3,1005,10
4,990,10
4,1200,16
0,950,16
0,820,9
1,875,10
4,510,16
4,1095,5
0,944,16
3,900,16
0,1090,10
5,1020,8
3,963,16
5,668,11
4,1064,5
4,510,10
4,960,10
3,1003,16
4,975,7
2,330,2
1,840,5
4,840,16
0,860,2
3,950,2
3,1320,2
3,1010,16
4,550,16
1,842,5
4,845,5
4,840,10
4,930,16
3,1005,10
4,895,5
4,1120,2
4,990,10
4,930,4
0,385,5
1,530,0
1,955,16
3,1020,6
4,480,16
0,870,16
0,1070,16
3,665,8
0,725,6
4,1275,8
3,540,2
4,842,5
0,607,16
0,970,16
4,1039,1
0,570,5
3,600,6
4,1140,16
0,825,14
0,900,2
4,1140,16
3,855,11
1,802,1
4,900,11
3,895,10
0,680,2
1,575,16
4,1080,4
4,1260,10
0,710,10
0,820,5
0,977,2
4,960,1
1,982,16
0,460,10
4,1080,11
0,810,16
4,1260,16
2,1275,2
5,1340,13
0,510,5
4,1035,5
4,930,14
3,1020,1
4,745,6
4,965,2
3,1050,16
4,735,8
3,870,10
0,631,16
6,890,2
0,865,8
0,770,5
0,930,16
1,685,4
0,735,16
4,1060,16
6,1071,6
0,785,5
0,835,4
4,1050,16
4,1180,7
3,840,10
0,855,16
4,1080,2
4,1110,10
0,951,16
4,990,6
0,1350,10
3,855,5
0,840,5
4,1230,5
0,790,2
0,940,3
4,1095,16
4,1110,16
3,795,6
0,870,10
3,510,2
3,540,11
3,860,10
0,1320,2
0,820,16
0,725,10
1,996,4
3,837,15
0,975,10
1,885,7
1,1178,16
4,870,4
0,915,16
3,1008,2
4,930,5
6,786,10
0,900,16
1,873,16
3,860,10
4,1040,2
4,1136,8
4,930,4
3,530,16
0,730,16
0,1035,3
0,637,2
0,727,7
0,1025,4
0,1185,10
3,580,1
3,952,5
0,920,1
3,915,16
3,786,16
4,1200,4
0,760,10
0,810,11
2,1020,5
1,435,16
3,830,5
3,1100,5
0,1025,1
0,839,16
4,1080,10
0,900,10
4,780,8
0,720,14
4,1320,8
4,910,1
3,1270,16
0,840,2
4,1080,8
4,750,5
4,930,16
3,1129,16
3,845,16
4,1085,8
2,1200,10
0,907,16
3,1115,16
0,850,4
4,1033,10
3,945,11
4,840,16
3,885,1
4,1155,16
0,645,9
3,975,6
0,665,7
0,1140,15
0,771,16
0,1080,5
0,970,16
3,895,14
3,600,8
3,875,10
4,990,1
0,1050,10
4,1045,4
4,915,7
0,780,16
3,835,5
4,660,16
4,675,14
4,1110,10
3,510,3
4,510,16
4,990,16
3,520,8
0,855,16
4,1080,16
4,1040,16
4,1040,2
0,1035,16
1,950,16
1,520,16
1,1146,8
0,875,10
1,680,2
4,1080,16
0,618,16
4,647,16
4,1260,16
1,620,8
3,945,10
4,720,16
1,637,3
1,860,10
4,690,4
0,800,4
3,892,16
0,1105,5
3,950,10
0,930,2
0,1130,10
4,1110,10
1,905,6
5,960,7
1,700,1
3,710,16
0,785,4
0,982,16
3,1040,2
4,1170,16
3,915,16
4,845,16
4,580,5
0,990,10
0,825,2
0,825,16
4,739,2
1,522,16
4,955,1
0,965,10
3,935,10
1,790,2
1,798,16
4,1140,10
1,787,15
1,1065,13
0,975,1
4,1110,5
4,1080,8
4,1080,0
3,899,2
3,572,8
0,1035,2
4,980,10
3,1040,16
4,900,2
0,880,10
1,605,5
0,890,2
0,975,16
1,915,2
4,840,8
3,975,16
3,905,6
0,790,11
0,728,16
0,840,10
0,905,5
4,1100,16
6,1200,10
3,830,16
3,705,6
2,1270,5
4,930,16
4,1110,2
4,1290,15
0,805,2
0,694,10
4,900,13
4,1110,16
5,662,2
0,630,8
3,725,1
0,780,8
1,945,1
4,1172,1
1,870,4
4,690,16
0,815,4
4,945,5
0,980,16
5,1041,16
4,808,2
6,810,16
4,840,2
0,820,11
0,1140,16
3,819,8
0,980,14
0,510,1
4,1140,5
0,980,16
4,1095,5
6,960,9
6,975,6
4,1277,2
4,1080,5
3,900,16
0,725,16
0,845,6
0,671,2
0,806,6
4,900,5
0,962,16
5,570,2
0,845,16
0,1060,10
3,775,16
0,525,5
4,1320,1
0,930,5
0,840,5
4,1155,16
0,755,10
0,990,5
4,725,5
4,720,9
3,870,15
6,990,10
4,965,2
0,1190,10
3,1015,16
4,1080,15
4,1140,4
3,835,16
0,900,16
3,525,5
3,960,2
4,1200,12
4,1080,16
0,890,5
0,555,16
0,1410,2
0,755,16
0,1020,10
0,1005,16
0,855,2
0,860,8
4,930,10
0,1033,6
4,1095,3
4,1324,10
0,853,7
0,855,2
3,896,5
3,945,1
0,690,5
1,1050,5
0,932,16
0,1125,10
3,885,3
0,1015,5
1,407,16
0,681,12
0,531,1
4,1080,16
0,485,8
0,857,5
3,880,3
4,1080,8
4,822,16
3,735,16
4,957,4
0,1305,16
4,810,5
3,892,10
3,625,15
0,830,4
4,750,10
4,660,16
0,1044,1
0,930,8
4,950,16
0,745,2
0,719,10
4,830,2
5,1030,1
0,952,16
0,826,10
4,960,16
3,690,16
1,780,16
1,900,16
4,1000,5
3,505,5
3,910,6
0,925,4
4,780,1
1,945,10
0,1035,5
0,810,1
4,1255,10
0,780,16
0,890,5
5,690,8
3,870,7
4,870,2
3,980,8
0,690,16
1,752,4
0,1079,15
0,1101,16
3,840,2
4,895,16
1,660,16
0,900,5
1,860,5
1,1082,5
1,995,5
0,900,6
3,842,10
4,875,16
4,960,2
0,895,10
0,811,16
3,883,14
4,870,2
4,828,1
0,1090,2
1,730,16
4,861,16
3,993,1
0,1203,3
4,1021,2
0,1030,5
6,420,16
4,815,16
0,875,11
0,910,14
0,835,7
4,1065,2
0,960,16
0,535,9
4,1080,16
1,730,1
1,778,16
4,1080,16
4,1290,1
1,595,2
4,965,15
3,930,16
6,945,1
4,940,10
3,795,6
3,870,16
4,750,2
0,1023,3
0,840,6
3,1030,10
6,995,5
3,860,16
1,1156,8
6,723,4
3,1335,16
3,855,4
5,826,6
4,480,8
6,1015,8
4,1260,2
0,880,8
4,1350,16
3,925,7
4,1185,5
4,955,2
1,995,10
0,990,10
0,960,2
4,700,16
4,1140,16
4,1110,5
4,754,16
4,1185,14
4,1200,8
4,898,2
4,1105,2
4,1140,5
4,1060,2
1,970,16
3,835,5
4,900,2
0,664,2
1,780,16
3,525,9
4,660,16
0,1110,4
4,1080,5
4,1050,8
0,535,7
0,1185,16
1,886,16
0,715,8
0,665,4
1,760,16
1,625,7
0,642,16
4,1140,2
0,725,9
4,1085,1
0,870,16
0,975,10
3,810,16
4,1110,2
0,1010,16
3,1145,2
3,975,16
4,720,2
4,1080,16
4,1080,5
4,1140,1
4,1080,4
3,900,16
0,885,14
0,660,6
4,1020,16
3,860,16
4,900,6
4,950,16
0,576,8
1,982,5
0,1100,1
4,995,1
0,795,5
3,810,1
0,1170,1
3,1007,16
0,1320,5
4,750,14
0,925,8
4,1100,4
1,590,16
4,1140,16
0,1020,5
4,930,10
0,660,9
0,795,5
0,907,6
3,970,16
0,610,2
4,990,5
4,1035,5
0,978,16
6,855,1
1,767,8
6,855,2
4,960,2
4,900,4
4,480,10
4,1080,2
3,938,0
3,805,5
0,675,2
4,1200,16
4,1170,1
1,793,1
3,930,16
0,780,16
0,680,4
4,650,16
4,750,5
4,790,16
0,978,10
0,882,16
0,655,16
4,1325,10
0,720,7
4,840,2
4,990,13
0,810,3
1,840,15
0,850,10
4,840,10
4,1260,12
1,840,16
4,1185,5
3,555,15
0,1350,10
4,1080,3
0,980,16
0,800,16
4,1050,5
1,780,9
3,870,16
4,918,2
1,680,5
2,815,16
1,1095,2
1,975,2
0,585,10
4,870,5
3,1065,16
4,900,7
4,690,10
1,945,10
3,855,10
0,1190,1
4,780,16
0,675,16
0,990,2
4,1110,11
3,1020,16
0,735,16
0,892,16
0,900,16
0,1000,6
0,990,1
0,990,10
4,1200,0
5,1034,3
0,1145,16
4,865,4
4,1050,9
0,545,2
4,990,4
4,1230,14
0,1095,4
0,780,10
0,975,8
4,1020,3
4,960,10
3,557,8
4,825,5
4,1215,16
1,1025,11
4,1120,3
3,870,4
4,975,16
4,1092,5
5,1130,10
0,580,15
0,665,2
5,900,10
4,1022,1
4,765,10
0,1071,10
4,960,9
4,1380,6
4,960,16
4,798,16
4,750,16
4,990,1
0,825,10
0,758,4
0,965,5
0,980,1
1,1350,2
0,821,16
0,898,5
4,650,16
4,885,16
0,706,10
4,1140,6
3,945,16
0,890,2
1,780,10
4,750,15
0,831,16
0,1075,16
4,1000,5
0,995,4
4,750,8
0,656,16
0,800,8
4,1050,10
0,1030,2
0,510,16
3,930,16
3,825,14
3,965,4
5,1065,10
3,930,16
6,1005,2
0,693,16
0,930,2
1,915,16
3,900,10
3,740,8
0,780,16
4,1141,16
6,1130,6
4,885,5
3,900,4
0,665,10
0,870,4
0,1060,16
3,930,16
0,850,16
4,860,5
3,880,5
4,900,4
4,1005,2
0,885,10
0,820,5
4,775,4
4,1170,5
3,880,8
4,1110,16
0,959,4
3,1210,10
0,892,15
0,1055,4
5,1080,2
0,950,2
4,480,8
0,835,12
4,1080,4
4,900,1
3,930,16
3,910,2
0,1350,2
4,990,9
4,621,16
3,780,16
3,800,2
0,779,2
0,980,2
4,1080,8
0,990,16
4,840,16
4,1005,7
0,777,10
3,1028,16
0,720,16
3,856,5
5,1080,16
0,865,16
4,1020,8
0,1160,16
0,740,1
4,1405,12
0,995,10
0,900,16
0,840,16
0,850,5
3,535,16
3,960,16
0,757,1
4,1170,16
0,970,5
4,1080,4
2,1200,7
0,1130,7
4,870,16
0,895,11
3,915,16
0,976,5
0,840,2
0,840,8
3,1020,5
4,714,0
6,720,9
4,720,16
0,675,16
3,920,16
0,1080,16
4,1350,16
3,540,16
1,1200,10
4,1053,2
1,720,16
1,678,10
0,740,10
0,779,8
0,690,16
4,770,16
0,653,5
0,1090,5
1,875,15
4,1050,2
0,890,3
6,840,5
0,1125,0
0,1004,16
4,1050,8
0,747,2
0,540,10
0,1082,10
0,940,8
3,930,16
4,720,16
0,1045,8
0,905,16
6,900,6
3,930,16
0,845,10
4,780,16
0,720,0
0,985,2
4,1140,5
3,875,2
0,855,16
0,930,8
4,1020,8
3,1345,10
0,810,4
3,955,16
5,700,2
3,1240,10
4,1039,10
3,936,4
4,752,5
3,900,6
3,920,10
0,975,8
4,720,11
0,1080,3
0,935,5
4,1090,10
1,967,2
0,900,5
4,910,2
0,485,16
0,735,4
3,1110,16
4,950,10
4,943,16
1,690,16
0,1232,5
0,820,16
0,935,6
3,820,5
4,780,12
1,780,8
0,770,2
0,795,8
4,1080,15
3,1404,5
1,795,16
0,870,16
0,955,8
0,1072,8
4,840,13
0,870,12
1,910,16
0,853,2
3,983,10
4,840,5
3,805,16
4,1070,4
0,685,1
4,975,9
0,997,16
5,630,4
0,932,2
4,1080,6
0,930,16
0,730,16
0,860,16
3,865,10
1,762,5
4,1050,11
1,783,15
4,910,13
4,1260,7
4,1025,2
4,1080,5
3,1120,10
4,1260,10
3,990,2
4,1200,16
4,819,16
3,990,16
4,780,16
0,810,5
0,840,6
0,1035,10
0,980,6
0,915,5
3,600,16
1,693,10
4,1140,8
0,937,16
3,840,1
3,1150,16
0,805,8
2,680,2
1,830,9
3,915,14
1,832,1
4,930,16
4,1080,16
4,1020,2
4,1380,1
1,840,2
4,1140,10
3,660,8
6,960,5
3,720,16
0,960,14
0,1005,11
3,910,4
4,900,2
4,1095,0
4,1020,16
0,757,16
3,675,9
0,1075,16
0,1050,10
3,540,8
4,1200,7
0,912,10
4,982,16
4,1142,8
3,750,7
3,935,16
0,951,10
4,975,2
4,852,16
5,860,8
0,1140,16
0,900,16
4,960,16
5,675,16
6,950,5
3,878,16
4,1140,10
4,950,6
1,875,8
3,900,16
0,630,6
0,1010,16
4,930,4
0,797,2
0,870,10
0,885,16
4,1230,1
3,918,5
4,1200,16
4,1140,4
3,495,16
1,855,10
0,1085,16
0,1140,16
4,1030,8
4,945,10
0,995,16
4,810,10
4,900,10
0,705,2
4,990,16
0,965,4
4,1080,5
0,980,6
3,795,5
4,1110,2
3,750,8
0,870,10
4,1260,4
6,885,2
0,780,4
0,1022,8
4,1200,10
1,750,10
3,1000,16
3,990,1
3,870,5
3,897,16
1,805,5
3,1055,16
4,1230,16
0,915,16
0,1230,10
3,1140,16
0,875,6
4,945,10
0,927,11
4,1035,2
3,897,10
3,848,16
4,1030,10
0,715,16
0,725,16
1,690,10
0,1021,2
0,945,8
4,1200,8
3,1375,5
0,740,8
4,870,2
1,850,16
4,900,5
4,962,2
0,900,16
2,1140,5
6,960,2
4,1170,6
4,1050,5
1,786,16
0,735,5
4,690,4
4,1125,16
5,971,16
4,990,4
1,759,13
4,1080,16
4,916,1
0,675,5
4,1050,16
0,980,4
4,725,2
4,1020,10
3,870,2
4,1005,16
4,815,16
0,965,6
4,1080,5
0,765,10
0,905,16
0,930,16
0,750,16
4,1140,16
3,995,2
3,1110,16
4,1164,8
0,1065,16
4,990,10
3,920,2
0,980,10
1,490,10
4,810,2
4,1140,11
0,990,4
4,880,4
4,1000,11
0,810,16
0,820,16
3,790,10
3,830,16
2,1145,16
0,810,2
4,885,2
4,1125,16
4,1080,16
0,900,6
0,990,4
1,867,16
0,1020,16
0,675,16
0,995,16
4,840,8
0,990,10
5,699,16
4,1055,10
0,640,2
3,990,16
4,1100,8
5,740,8
4,940,11
1,875,4
0,1060,6
0,787,7
5,935,16
0,1321,16
0,1040,5
4,1200,10
0,1085,10
0,875,7
4,1110,8
0,1085,10
5,786,8
1,816,16
3,855,5
4,1152,1
0,910,11
4,1005,16
4,960,2
6,780,2
0,1160,16
1,950,9
4,960,5
4,1170,7
0,980,6
0,630,9
4,900,16
4,690,16
4,1140,5
0,845,16
0,935,2
4,815,16
0,980,10
3,965,5
3,1010,5
0,947,16
0,870,0
0,780,10
0,1047,5
3,1115,10
0,1070,2
3,1025,5
1,775,1
3,880,0
4,1116,8
0,1055,2
4,1080,8
4,718,16
3,950,2
4,780,16
0,975,2
4,1205,5
3,1015,8
0,1090,16
0,870,8
4,917,16
3,1168,6
4,1100,1
3,970,13
4,755,8
3,956,12
4,1080,0
0,963,5
4,1020,10
4,1080,16
0,1025,5
4,660,0
4,1095,4
3,945,16
1,799,5
1,915,16
3,890,2
0,1121,2
4,960,12
0,860,16
4,1210,2
4,1185,8
0,1035,16
0,950,5
3,1015,10
0,690,2
6,995,5
3,922,16
4,855,16
0,1005,2
4,1020,16
4,1050,16
4,810,10
0,760,16
2,1140,16
1,1010,2
0,1007,16
0,960,16
0,560,16
4,1125,8
3,976,0
4,1320,4
3,910,16
4,1020,0
0,1095,16
4,960,16
4,865,10
1,754,5
1,730,5
0,915,2
4,1033,10
0,765,16
4,1080,16
4,1380,10
4,780,16
1,755,16
3,970,16
0,710,6
4,1110,8
4,1165,10
4,1080,4
0,970,13
0,1086,7
0,793,8
1,795,4
3,694,16
0,980,8
3,840,16
0,924,16
0,947,5
0,1108,2
4,780,16
4,1110,10
0,730,6
0,1036,4
0,1025,15
0,840,5
4,966,16
3,780,16
3,945,8
3,990,9
3,780,4
1,1065,10
0,1132,10
0,845,16
3,1080,1
4,1200,16
4,990,2
0,520,4
0,840,5
3,1050,2
0,930,16
0,1050,5
0,847,5
1,855,7
4,930,4
0,815,16
4,1080,4
4,1200,16
0,1435,1
6,1055,16
0,890,1
0,1140,1
3,975,16
4,1230,2
0,900,5
3,1050,10
1,735,5
4,1050,12
0,930,2
6,945,2
3,1070,5
4,705,8
0,1050,11
3,665,16
0,1020,6
0,756,16
0,1330,1
0,995,16
0,887,16
0,800,16
4,1190,5
5,812,10
4,1065,2
5,1330,2
6,1065,2
4,1200,2
4,1080,16
5,1086,16
0,800,16
0,847,1
4,1140,1
4,1080,16
0,1155,5
0,970,16
0,795,13
0,840,1
4,1260,10
3,975,16
4,1140,5
3,665,16
0,965,9
6,1020,10
3,955,1
0,950,1
0,843,2
4,1200,13
2,980,5
3,892,16
4,806,16
4,1070,1
4,1140,5
4,1095,6
0,1005,8
0,885,16
1,1070,4
4,990,5
0,1095,5
0,840,5
4,1170,5
4,1140,16
4,1140,11
6,1055,16
0,940,8
4,1175,16
0,756,16
4,1125,16
4,1120,2
0,907,10
4,1140,6
0,750,1
2,960,6
0,920,5
0,845,16
4,1071,16
1,1130,16
0,967,13
1,872,8
4,1110,5
4,1067,10
0,1065,5
4,720,16
0,1012,10
0,890,16
1,840,15
4,1140,8
0,765,13
0,1030,10
4,1110,6
4,1009,7
0,960,16
4,590,4
0,1080,5
0,875,8
0,980,2
0,965,10
0,1030,10
4,1140,5
3,870,4
0,784,16
4,1105,4
0,795,4
3,1090,2
3,792,6
3,1410,6
0,850,2
0,884,1
0,995,13
1,730,15
0,825,4
0,1000,16
3,991,16
4,1165,2
4,1080,4
4,990,16
0,900,10
4,1005,0
3,990,2
3,1110,4
0,790,6
1,748,16
4,1200,16
3,935,10
5,1045,2
0,770,2
4,795,5
0,950,16
4,1020,16
0,1071,4
3,1150,16
1,855,4
0,1090,10
0,830,2
4,690,16
3,850,6
4,1215,0
0,810,5
4,1380,10
3,960,8
4,1110,2
4,980,2
6,1080,2
0,1090,16
4,1290,5
0,1220,11
0,1080,4
4,933,16
4,1142,14
3,1050,10
4,1228,16
0,750,2
0,1080,16
4,1050,16
0,957,10
4,1080,10
4,1080,5
4,930,4
4,1110,10
4,1055,2
0,835,5
0,1075,6
4,1140,4
0,1125,2
1,995,6
1,830,16
3,860,16
4,1050,11
0,930,16
0,803,16
3,970,16
4,960,2
1,1020,10
3,990,14
4,1010,6
0,810,2
3,900,11
4,1125,2
4,1050,2
0,1065,2
3,1007,16
3,930,5
0,960,10
3,780,10
0,850,4
4,972,11
3,870,8
0,1085,10
4,1110,6
4,1110,4
3,885,16
3,1080,10
0,729,10
4,1065,5
3,975,10
0,848,2
3,1170,16
4,840,16
1,1035,6
0,1042,5
4,1050,2
0,628,2
4,1140,10
3,885,16
4,1020,16
0,953,16
6,1020,1
4,1045,5
0,840,5
0,1201,10
0,907,16
4,930,10
0,785,3
0,1110,16
4,1125,16
3,975,16
0,775,6
3,900,16
4,1110,12
4,1140,16
4,1060,4
0,875,16
0,1010,5
4,908,5
0,1010,5
4,1140,5
0,1090,1
0,1110,16
0,780,5
4,1090,2
4,1140,16
0,1075,16
3,785,16
0,867,2
0,908,16
4,1095,5
0,1095,11
3,895,6
5,840,11
4,975,16
0,877,4
0,1085,16
5,1110,5
3,1245,5
4,1110,6
3,960,4
0,1045,10
4,1080,5
1,775,5
4,1320,2
0,1070,11
4,1095,12
0,885,8
0,750,16
3,965,16
0,850,16
0,935,16
5,840,16
5,1086,16
4,990,5
4,1320,2
4,1140,5
0,875,8
4,990,8
0,816,16
3,942,5
4,1080,8
4,1050,5
3,1060,16
1,990,4
0,1035,2
4,945,6
6,993,2
3,815,10
4,1110,10
4,1100,9
4,960,16
0,935,0
4,1020,5
0,1060,2
3,855,10
4,960,16
4,1110,2
4,930,8
4,1110,5
4,755,16
1,1105,1
0,895,5
4,984,5
3,915,16
0,860,8
0,1055,16
4,1063,1
0,1092,1
3,630,16
4,916,5
6,1050,10
1,960,8
4,895,6
5,1212,16
5,956,5
3,790,13
3,1125,5
4,900,5
1,780,16
0,900,16
0,935,4
0,860,8
3,1068,16
1,880,4
0,1039,2
0,885,6
4,1020,2
1,975,10
4,1100,10
0,1065,2
4,1140,10
4,1170,5
4,885,14
0,1095,16
4,1080,8
4,1080,8
0,845,16
4,1170,4
1,868,1
4,1170,8
0,1160,10
4,1320,16
0,905,16
0,870,4
3,870,1
3,950,16
0,1350,5
4,1140,16
4,1050,16
0,785,16
0,1380,16
4,1080,16
3,900,16
3,810,9
3,870,8
4,1140,5
0,843,8
0,1020,2
0,1055,6
4,895,16
3,940,6
4,960,16
4,1140,2
0,1020,16
4,1080,5
0,967,16
0,1120,2
0,1040,5
3,880,4
4,1035,16
0,1030,6
0,970,9
0,1410,6
0,820,2
3,1115,5
4,900,16
0,1004,1
4,1230,16
3,995,2
4,1080,8
3,870,16
5,1125,2
4,1320,16
4,653,1
4,1110,12
0,980,16
0,905,1
0,1232,8
0,980,16
0,1015,10
0,962,1
0,825,5
4,790,11
3,930,6
4,1008,16
4,1065,16
3,920,16
0,977,11
4,1080,12
0,922,10
4,1200,10
4,870,2
3,870,16
5,1161,0
3,915,5
0,759,4
3,875,5
4,920,6
0,960,8
4,1295,16
0,825,16
0,995,5
6,915,16
0,1106,10
4,1080,10
4,1065,10
3,915,10
0,960,16
0,975,10
4,1050,5
4,1260,10
4,1200,3
0,940,16
4,1395,16
4,1170,16
4,1008,8
3,900,6
4,1227,10
3,1030,16
0,865,10
4,1080,1
4,1115,1
0,1160,8
0,661,10
0,962,10
4,1020,5
0,1100,16
3,907,16
4,1260,16
4,1020,5
4,1080,16
0,885,8
4,1080,16
3,830,2
0,1075,16
0,820,10
4,1020,16
0,1025,5
4,1200,5
4,960,8
1,983,2
0,1090,16
3,930,16
3,1003,10
0,930,8
0,1180,16
0,939,1
1,811,16
4,1020,2
0,976,16
4,1140,16
0,970,10
3,930,2
4,1080,10
0,1080,1
0,930,7
4,1110,1
4,990,2
6,990,5
1,990,16
4,1233,5
0,960,2
0,1200,10
3,1046,16
0,1007,16
3,885,14
0,1120,4
0,1155,15
6,1151,10
6,741,0
4,1350,15
2,1170,10
4,1140,12
0,1020,6
3,930,16
2,1140,8
4,840,6
4,1090,1
3,825,16
1,1100,1
0,1090,8
4,1020,16
2,1140,2
4,1260,2
3,1010,5
3,1090,7
0,1142,5
4,1125,16
4,1140,4
1,1010,16
0,1005,2
4,1060,4
4,1085,5
4,1070,5
0,895,10
6,1123,16
4,1200,16
4,1190,5
4,1080,0
0,1235,10
4,1020,1
4,1230,5
0,930,16
0,1010,10
0,1105,16
4,1140,16
0,1040,5
0,1267,5
4,1215,2
0,1140,5
0,1020,16
0,1020,7
4,1110,3
0,1026,16
0,1095,10
0,1155,16
4,1320,10
0,1091,2
4,900,16
0,870,10
4,1320,2
0,1380,5
0,850,5
0,930,6
3,965,6
4,1140,16
1,1109,2
0,1190,10
4,1140,10
3,1370,10
4,1162,2
3,1035,16
4,1080,5
3,1115,1
3,1170,5
4,1120,5
0,1010,6
4,930,16
5,1385,2
4,1050,2
3,960,16
4,985,16
0,1060,2
4,1200,5
0,852,16
0,1185,5
0,1145,16
4,1080,12
4,1140,16
4,1230,16
4,1035,5
0,1125,10
4,1135,2
4,1071,10
5,860,5
4,1260,6
3,1200,2
0,1060,16
0,940,14
4,1140,15
0,1060,16
0,872,1
4,1230,10
4,952,5
3,1065,5
4,1110,16
0,990,10
4,1110,16
0,1165,9
4,1080,16
4,1170,16